1,1,100,1,20,1,0,0,0
1,1,100,1,20,2,0,0,0
1,1,1,100,1,1,20,2,10
1,1,1,100,1,1,20,1,20
1,1,1,100,1,1,20,2,3
1,1,1,100,1,1,20,1,7
1,1,1,100,1,1,20,2,19
1,1,1,100,1,1,20,1,5
1,1,1,100,1,1,20,2,4
1,1,1,100,1,1,20,1,19
1,1,1,100,1,1,20,2,17
1,1,1,100,1,1,20,1,12
1,1,1,100,1,1,20,2,16
1,1,1,100,1,1,20,1,11
1,1,1,100,1,1,20,2,18
1,1,1,100,1,1,20,1,18
1,1,1,100,1,1,20,2,15
1,1,1,100,1,1,20,1,16
1,1,1,100,1,1,20,2,13
1,1,1,100,1,1,20,1,6
1,1,1,100,1,1,20,2,8
1,1,1,100,1,1,20,1,10
1,1,1,100,1,1,20,2,9
1,1,1,100,1,1,20,1,14
1,1,1,100,1,1,20,2,11
1,1,1,100,1,1,20,1,3
1,1,1,100,1,1,20,2,7
1,1,1,100,1,1,20,1,15
1,1,1,100,1,1,20,2,14
1,1,1,100,1,1,20,1,4
1,1,1,100,1,1,20,2,6
1,1,1,100,1,1,20,1,13
1,1,1,100,1,1,20,2,20
1,1,1,100,1,1,20,1,8
1,1,1,100,1,1,20,2,12
1,1,1,100,1,1,20,1,17
1,1,1,100,1,1,20,2,5
1,1,1,100,1,1,20,1,9
1,1,100,2,20,1,0,0,0
1,1,100,2,20,2,0,0,0
1,1,1,100,2,2,20,2,13
1,1,1,100,2,2,20,1,20
1,1,1,100,2,2,20,2,12
1,1,1,100,2,2,20,1,11
1,1,1,100,2,2,20,2,14
1,1,1,100,2,2,20,1,10
1,1,1,100,2,2,20,2,4
1,1,1,100,2,2,20,1,17
1,1,1,100,2,2,20,2,11
1,1,1,100,2,2,20,1,6
1,1,1,100,2,2,20,2,5
1,1,1,100,2,2,20,1,3
1,1,1,100,2,2,20,2,10
1,1,1,100,2,2,20,1,16
1,1,1,100,2,2,20,2,20
1,1,1,100,2,2,20,1,4
1,1,1,100,2,2,20,2,15
1,1,1,100,2,2,20,1,14
1,1,1,100,2,2,20,2,6
1,1,1,100,2,2,20,1,7
1,1,1,100,2,2,20,2,9
1,1,1,100,2,2,20,1,15
1,1,1,100,2,2,20,2,17
1,1,1,100,2,2,20,1,9
1,1,1,100,2,2,20,2,18
1,1,1,100,2,2,20,1,8
1,1,1,100,2,2,20,2,3
1,1,1,100,2,2,20,1,18
1,1,1,100,2,2,20,2,8
1,1,1,100,2,2,20,1,19
1,1,1,100,2,2,20,2,7
1,1,1,100,2,2,20,1,12
1,1,1,100,2,2,20,2,19
1,1,1,100,2,2,20,1,13
1,1,1,100,2,2,20,2,16
1,1,1,100,2,2,20,1,5
1,1,100,3,20,1,0,0,0
1,1,100,3,20,2,0,0,0
1,1,1,100,3,3,20,2,11
1,1,1,100,3,3,20,1,4
1,1,1,100,3,3,20,2,9
1,1,1,100,3,3,20,1,20
1,1,1,100,3,3,20,2,20
1,1,1,100,3,3,20,1,5
1,1,1,100,3,3,20,2,5
1,1,1,100,3,3,20,1,7
1,1,1,100,3,3,20,2,13
1,1,1,100,3,3,20,1,14
1,1,1,100,3,3,20,2,14
1,1,1,100,3,3,20,1,19
1,1,1,100,3,3,20,2,7
1,1,1,100,3,3,20,1,18
1,1,1,100,3,3,20,2,18
1,1,1,100,3,3,20,1,9
1,1,1,100,3,3,20,2,16
1,1,1,100,3,3,20,1,3
1,1,1,100,3,3,20,2,3
1,1,1,100,3,3,20,1,10
1,1,1,100,3,3,20,2,10
1,1,1,100,3,3,20,1,16
1,1,1,100,3,3,20,2,6
1,1,1,100,3,3,20,1,6
1,1,1,100,3,3,20,2,17
1,1,1,100,3,3,20,1,8
1,1,1,100,3,3,20,2,8
1,1,1,100,3,3,20,1,11
1,1,1,100,3,3,20,2,12
1,1,1,100,3,3,20,1,15
1,1,1,100,3,3,20,2,15
1,1,1,100,3,3,20,1,13
1,1,1,100,3,3,20,2,19
1,1,1,100,3,3,20,1,17
1,1,1,100,3,3,20,2,4
1,1,1,100,3,3,20,1,12
1,1,100,4,20,1,0,0,0
1,1,100,4,20,2,0,0,0
1,1,1,100,4,4,20,2,5
1,1,1,100,4,4,20,1,20
1,1,1,100,4,4,20,2,7
1,1,1,100,4,4,20,1,3
1,1,1,100,4,4,20,2,11
1,1,1,100,4,4,20,1,16
1,1,1,100,4,4,20,2,4
1,1,1,100,4,4,20,1,13
1,1,1,100,4,4,20,2,15
1,1,1,100,4,4,20,1,12
1,1,1,100,4,4,20,2,17
1,1,1,100,4,4,20,1,7
1,1,1,100,4,4,20,2,20
1,1,1,100,4,4,20,1,4
1,1,1,100,4,4,20,2,10
1,1,1,100,4,4,20,1,10
1,1,1,100,4,4,20,2,16
1,1,1,100,4,4,20,1,17
1,1,1,100,4,4,20,2,8
1,1,1,100,4,4,20,1,6
1,1,1,100,4,4,20,2,18
1,1,1,100,4,4,20,1,19
1,1,1,100,4,4,20,2,19
1,1,1,100,4,4,20,1,15
1,1,1,100,4,4,20,2,12
1,1,1,100,4,4,20,1,8
1,1,1,100,4,4,20,2,13
1,1,1,100,4,4,20,1,5
1,1,1,100,4,4,20,2,6
1,1,1,100,4,4,20,1,14
1,1,1,100,4,4,20,2,14
1,1,1,100,4,4,20,1,9
1,1,1,100,4,4,20,2,9
1,1,1,100,4,4,20,1,11
1,1,1,100,4,4,20,2,3
1,1,1,100,4,4,20,1,18
1,1,100,5,20,1,0,0,0
1,1,100,5,20,2,0,0,0
1,1,1,100,5,5,20,2,15
1,1,1,100,5,5,20,1,20
1,1,1,100,5,5,20,2,11
1,1,1,100,5,5,20,1,5
1,1,1,100,5,5,20,2,12
1,1,1,100,5,5,20,1,9
1,1,1,100,5,5,20,2,9
1,1,1,100,5,5,20,1,15
1,1,1,100,5,5,20,2,10
1,1,1,100,5,5,20,1,18
1,1,1,100,5,5,20,2,8
1,1,1,100,5,5,20,1,4
1,1,1,100,5,5,20,2,20
1,1,1,100,5,5,20,1,10
1,1,1,100,5,5,20,2,6
1,1,1,100,5,5,20,1,16
1,1,1,100,5,5,20,2,18
1,1,1,100,5,5,20,1,12
1,1,1,100,5,5,20,2,13
1,1,1,100,5,5,20,1,14
1,1,1,100,5,5,20,2,14
1,1,1,100,5,5,20,1,3
1,1,1,100,5,5,20,2,16
1,1,1,100,5,5,20,1,19
1,1,1,100,5,5,20,2,3
1,1,1,100,5,5,20,1,6
1,1,1,100,5,5,20,2,5
1,1,1,100,5,5,20,1,17
1,1,1,100,5,5,20,2,19
1,1,1,100,5,5,20,1,13
1,1,1,100,5,5,20,2,4
1,1,1,100,5,5,20,1,7
1,1,1,100,5,5,20,2,7
1,1,1,100,5,5,20,1,8
1,1,1,100,5,5,20,2,17
1,1,1,100,5,5,20,1,11
1,1,100,6,20,1,0,0,0
1,1,100,6,20,2,0,0,0
1,1,1,100,6,6,20,2,11
1,1,1,100,6,6,20,1,15
1,1,1,100,6,6,20,2,4
1,1,1,100,6,6,20,1,20
1,1,1,100,6,6,20,2,14
1,1,1,100,6,6,20,1,18
1,1,1,100,6,6,20,2,10
1,1,1,100,6,6,20,1,4
1,1,1,100,6,6,20,2,12
1,1,1,100,6,6,20,1,11
1,1,1,100,6,6,20,2,20
1,1,1,100,6,6,20,1,8
1,1,1,100,6,6,20,2,13
1,1,1,100,6,6,20,1,17
1,1,1,100,6,6,20,2,6
1,1,1,100,6,6,20,1,13
1,1,1,100,6,6,20,2,5
1,1,1,100,6,6,20,1,7
1,1,1,100,6,6,20,2,15
1,1,1,100,6,6,20,1,12
1,1,1,100,6,6,20,2,17
1,1,1,100,6,6,20,1,10
1,1,1,100,6,6,20,2,3
1,1,1,100,6,6,20,1,9
1,1,1,100,6,6,20,2,8
1,1,1,100,6,6,20,1,3
1,1,1,100,6,6,20,2,16
1,1,1,100,6,6,20,1,16
1,1,1,100,6,6,20,2,7
1,1,1,100,6,6,20,1,19
1,1,1,100,6,6,20,2,19
1,1,1,100,6,6,20,1,14
1,1,1,100,6,6,20,2,18
1,1,1,100,6,6,20,1,5
1,1,1,100,6,6,20,2,9
1,1,1,100,6,6,20,1,6
1,1,100,7,20,1,0,0,0
1,1,100,7,20,2,0,0,0
1,1,1,100,7,7,20,2,11
1,1,1,100,7,7,20,1,19
1,1,1,100,7,7,20,2,6
1,1,1,100,7,7,20,1,10
1,1,1,100,7,7,20,2,16
1,1,1,100,7,7,20,1,6
1,1,1,100,7,7,20,2,20
1,1,1,100,7,7,20,1,17
1,1,1,100,7,7,20,2,13
1,1,1,100,7,7,20,1,12
1,1,1,100,7,7,20,2,7
1,1,1,100,7,7,20,1,9
1,1,1,100,7,7,20,2,5
1,1,1,100,7,7,20,1,8
1,1,1,100,7,7,20,2,19
1,1,1,100,7,7,20,1,20
1,1,1,100,7,7,20,2,17
1,1,1,100,7,7,20,1,13
1,1,1,100,7,7,20,2,18
1,1,1,100,7,7,20,1,16
1,1,1,100,7,7,20,2,3
1,1,1,100,7,7,20,1,11
1,1,1,100,7,7,20,2,4
1,1,1,100,7,7,20,1,3
1,1,1,100,7,7,20,2,8
1,1,1,100,7,7,20,1,18
1,1,1,100,7,7,20,2,14
1,1,1,100,7,7,20,1,5
1,1,1,100,7,7,20,2,15
1,1,1,100,7,7,20,1,4
1,1,1,100,7,7,20,2,12
1,1,1,100,7,7,20,1,15
1,1,1,100,7,7,20,2,10
1,1,1,100,7,7,20,1,7
1,1,1,100,7,7,20,2,9
1,1,1,100,7,7,20,1,14
1,1,100,8,20,1,0,0,0
1,1,100,8,20,2,0,0,0
1,1,1,100,8,8,20,2,14
1,1,1,100,8,8,20,1,14
1,1,1,100,8,8,20,2,19
1,1,1,100,8,8,20,1,10
1,1,1,100,8,8,20,2,7
1,1,1,100,8,8,20,1,3
1,1,1,100,8,8,20,2,12
1,1,1,100,8,8,20,1,20
1,1,1,100,8,8,20,2,5
1,1,1,100,8,8,20,1,15
1,1,1,100,8,8,20,2,4
1,1,1,100,8,8,20,1,8
1,1,1,100,8,8,20,2,17
1,1,1,100,8,8,20,1,6
1,1,1,100,8,8,20,2,13
1,1,1,100,8,8,20,1,17
1,1,1,100,8,8,20,2,10
1,1,1,100,8,8,20,1,11
1,1,1,100,8,8,20,2,20
1,1,1,100,8,8,20,1,19
1,1,1,100,8,8,20,2,11
1,1,1,100,8,8,20,1,5
1,1,1,100,8,8,20,2,8
1,1,1,100,8,8,20,1,16
1,1,1,100,8,8,20,2,18
1,1,1,100,8,8,20,1,18
1,1,1,100,8,8,20,2,3
1,1,1,100,8,8,20,1,13
1,1,1,100,8,8,20,2,16
1,1,1,100,8,8,20,1,12
1,1,1,100,8,8,20,2,9
1,1,1,100,8,8,20,1,9
1,1,1,100,8,8,20,2,6
1,1,1,100,8,8,20,1,7
1,1,1,100,8,8,20,2,15
1,1,1,100,8,8,20,1,4
1,1,100,9,20,1,0,0,0
1,1,100,9,20,2,0,0,0
1,1,1,100,9,9,20,2,10
1,1,1,100,9,9,20,1,16
1,1,1,100,9,9,20,2,8
1,1,1,100,9,9,20,1,5
1,1,1,100,9,9,20,2,6
1,1,1,100,9,9,20,1,13
1,1,1,100,9,9,20,2,17
1,1,1,100,9,9,20,1,18
1,1,1,100,9,9,20,2,16
1,1,1,100,9,9,20,1,9
1,1,1,100,9,9,20,2,13
1,1,1,100,9,9,20,1,17
1,1,1,100,9,9,20,2,4
1,1,1,100,9,9,20,1,3
1,1,1,100,9,9,20,2,3
1,1,1,100,9,9,20,1,4
1,1,1,100,9,9,20,2,12
1,1,1,100,9,9,20,1,11
1,1,1,100,9,9,20,2,5
1,1,1,100,9,9,20,1,8
1,1,1,100,9,9,20,2,14
1,1,1,100,9,9,20,1,14
1,1,1,100,9,9,20,2,18
1,1,1,100,9,9,20,1,12
1,1,1,100,9,9,20,2,19
1,1,1,100,9,9,20,1,6
1,1,1,100,9,9,20,2,20
1,1,1,100,9,9,20,1,7
1,1,1,100,9,9,20,2,9
1,1,1,100,9,9,20,1,20
1,1,1,100,9,9,20,2,11
1,1,1,100,9,9,20,1,19
1,1,1,100,9,9,20,2,7
1,1,1,100,9,9,20,1,10
1,1,1,100,9,9,20,2,15
1,1,1,100,9,9,20,1,15
1,1,100,10,20,1,0,0,0
1,1,100,10,20,2,0,0,0
1,1,1,100,10,10,20,2,6
1,1,1,100,10,10,20,1,12
1,1,1,100,10,10,20,2,12
1,1,1,100,10,10,20,1,18
1,1,1,100,10,10,20,2,19
1,1,1,100,10,10,20,1,20
1,1,1,100,10,10,20,2,18
1,1,1,100,10,10,20,1,6
1,1,1,100,10,10,20,2,20
1,1,1,100,10,10,20,1,9
1,1,1,100,10,10,20,2,4
1,1,1,100,10,10,20,1,10
1,1,1,100,10,10,20,2,9
1,1,1,100,10,10,20,1,15
1,1,1,100,10,10,20,2,5
1,1,1,100,10,10,20,1,14
1,1,1,100,10,10,20,2,11
1,1,1,100,10,10,20,1,5
1,1,1,100,10,10,20,2,8
1,1,1,100,10,10,20,1,16
1,1,1,100,10,10,20,2,13
1,1,1,100,10,10,20,1,19
1,1,1,100,10,10,20,2,15
1,1,1,100,10,10,20,1,7
1,1,1,100,10,10,20,2,16
1,1,1,100,10,10,20,1,4
1,1,1,100,10,10,20,2,17
1,1,1,100,10,10,20,1,13
1,1,1,100,10,10,20,2,10
1,1,1,100,10,10,20,1,8
1,1,1,100,10,10,20,2,3
1,1,1,100,10,10,20,1,17
1,1,1,100,10,10,20,2,14
1,1,1,100,10,10,20,1,3
1,1,1,100,10,10,20,2,7
1,1,1,100,10,10,20,1,11
1,1,100,11,20,1,0,0,0
1,1,100,11,20,2,0,0,0
1,1,1,100,11,11,20,2,16
1,1,1,100,11,11,20,1,10
1,1,1,100,11,11,20,2,12
1,1,1,100,11,11,20,1,15
1,1,1,100,11,11,20,2,9
1,1,1,100,11,11,20,1,7
1,1,1,100,11,11,20,2,19
1,1,1,100,11,11,20,1,5
1,1,1,100,11,11,20,2,10
1,1,1,100,11,11,20,1,17
1,1,1,100,11,11,20,2,18
1,1,1,100,11,11,20,1,9
1,1,1,100,11,11,20,2,4
1,1,1,100,11,11,20,1,20
1,1,1,100,11,11,20,2,17
1,1,1,100,11,11,20,1,3
1,1,1,100,11,11,20,2,13
1,1,1,100,11,11,20,1,19
1,1,1,100,11,11,20,2,8
1,1,1,100,11,11,20,1,13
1,1,1,100,11,11,20,2,20
1,1,1,100,11,11,20,1,14
1,1,1,100,11,11,20,2,3
1,1,1,100,11,11,20,1,11
1,1,1,100,11,11,20,2,14
1,1,1,100,11,11,20,1,18
1,1,1,100,11,11,20,2,11
1,1,1,100,11,11,20,1,4
1,1,1,100,11,11,20,2,5
1,1,1,100,11,11,20,1,12
1,1,1,100,11,11,20,2,15
1,1,1,100,11,11,20,1,6
1,1,1,100,11,11,20,2,7
1,1,1,100,11,11,20,1,8
1,1,1,100,11,11,20,2,6
1,1,1,100,11,11,20,1,16
1,1,100,12,20,1,0,0,0
1,1,100,12,20,2,0,0,0
1,1,1,100,12,12,20,2,18
1,1,1,100,12,12,20,1,6
1,1,1,100,12,12,20,2,10
1,1,1,100,12,12,20,1,14
1,1,1,100,12,12,20,2,16
1,1,1,100,12,12,20,1,4
1,1,1,100,12,12,20,2,12
1,1,1,100,12,12,20,1,10
1,1,1,100,12,12,20,2,4
1,1,1,100,12,12,20,1,3
1,1,1,100,12,12,20,2,17
1,1,1,100,12,12,20,1,16
1,1,1,100,12,12,20,2,13
1,1,1,100,12,12,20,1,5
1,1,1,100,12,12,20,2,14
1,1,1,100,12,12,20,1,19
1,1,1,100,12,12,20,2,20
1,1,1,100,12,12,20,1,20
1,1,1,100,12,12,20,2,7
1,1,1,100,12,12,20,1,8
1,1,1,100,12,12,20,2,11
1,1,1,100,12,12,20,1,12
1,1,1,100,12,12,20,2,15
1,1,1,100,12,12,20,1,9
1,1,1,100,12,12,20,2,8
1,1,1,100,12,12,20,1,13
1,1,1,100,12,12,20,2,3
1,1,1,100,12,12,20,1,18
1,1,1,100,12,12,20,2,9
1,1,1,100,12,12,20,1,11
1,1,1,100,12,12,20,2,6
1,1,1,100,12,12,20,1,7
1,1,1,100,12,12,20,2,5
1,1,1,100,12,12,20,1,17
1,1,1,100,12,12,20,2,19
1,1,1,100,12,12,20,1,15
1,1,100,13,20,1,0,0,0
1,1,100,13,20,2,0,0,0
1,1,1,100,13,13,20,2,8
1,1,1,100,13,13,20,1,11
1,1,1,100,13,13,20,2,3
1,1,1,100,13,13,20,1,6
1,1,1,100,13,13,20,2,9
1,1,1,100,13,13,20,1,16
1,1,1,100,13,13,20,2,19
1,1,1,100,13,13,20,1,14
1,1,1,100,13,13,20,2,15
1,1,1,100,13,13,20,1,19
1,1,1,100,13,13,20,2,11
1,1,1,100,13,13,20,1,4
1,1,1,100,13,13,20,2,6
1,1,1,100,13,13,20,1,13
1,1,1,100,13,13,20,2,7
1,1,1,100,13,13,20,1,17
1,1,1,100,13,13,20,2,16
1,1,1,100,13,13,20,1,8
1,1,1,100,13,13,20,2,12
1,1,1,100,13,13,20,1,7
1,1,1,100,13,13,20,2,18
1,1,1,100,13,13,20,1,5
1,1,1,100,13,13,20,2,5
1,1,1,100,13,13,20,1,9
1,1,1,100,13,13,20,2,10
1,1,1,100,13,13,20,1,18
1,1,1,100,13,13,20,2,17
1,1,1,100,13,13,20,1,12
1,1,1,100,13,13,20,2,13
1,1,1,100,13,13,20,1,3
1,1,1,100,13,13,20,2,4
1,1,1,100,13,13,20,1,10
1,1,1,100,13,13,20,2,20
1,1,1,100,13,13,20,1,20
1,1,1,100,13,13,20,2,14
1,1,1,100,13,13,20,1,15
1,1,100,14,20,1,0,0,0
1,1,100,14,20,2,0,0,0
1,1,1,100,14,14,20,2,19
1,1,1,100,14,14,20,1,10
1,1,1,100,14,14,20,2,6
1,1,1,100,14,14,20,1,16
1,1,1,100,14,14,20,2,3
1,1,1,100,14,14,20,1,17
1,1,1,100,14,14,20,2,8
1,1,1,100,14,14,20,1,3
1,1,1,100,14,14,20,2,16
1,1,1,100,14,14,20,1,5
1,1,1,100,14,14,20,2,17
1,1,1,100,14,14,20,1,12
1,1,1,100,14,14,20,2,9
1,1,1,100,14,14,20,1,9
1,1,1,100,14,14,20,2,4
1,1,1,100,14,14,20,1,15
1,1,1,100,14,14,20,2,10
1,1,1,100,14,14,20,1,8
1,1,1,100,14,14,20,2,20
1,1,1,100,14,14,20,1,14
1,1,1,100,14,14,20,2,18
1,1,1,100,14,14,20,1,19
1,1,1,100,14,14,20,2,13
1,1,1,100,14,14,20,1,13
1,1,1,100,14,14,20,2,11
1,1,1,100,14,14,20,1,7
1,1,1,100,14,14,20,2,15
1,1,1,100,14,14,20,1,11
1,1,1,100,14,14,20,2,7
1,1,1,100,14,14,20,1,18
1,1,1,100,14,14,20,2,5
1,1,1,100,14,14,20,1,6
1,1,1,100,14,14,20,2,12
1,1,1,100,14,14,20,1,20
1,1,1,100,14,14,20,2,14
1,1,1,100,14,14,20,1,4
1,1,100,15,20,1,0,0,0
1,1,100,15,20,2,0,0,0
1,1,1,100,15,15,20,2,4
1,1,1,100,15,15,20,1,14
1,1,1,100,15,15,20,2,13
1,1,1,100,15,15,20,1,11
1,1,1,100,15,15,20,2,9
1,1,1,100,15,15,20,1,17
1,1,1,100,15,15,20,2,14
1,1,1,100,15,15,20,1,13
1,1,1,100,15,15,20,2,15
1,1,1,100,15,15,20,1,12
1,1,1,100,15,15,20,2,6
1,1,1,100,15,15,20,1,3
1,1,1,100,15,15,20,2,16
1,1,1,100,15,15,20,1,16
1,1,1,100,15,15,20,2,12
1,1,1,100,15,15,20,1,15
1,1,1,100,15,15,20,2,10
1,1,1,100,15,15,20,1,6
1,1,1,100,15,15,20,2,3
1,1,1,100,15,15,20,1,18
1,1,1,100,15,15,20,2,11
1,1,1,100,15,15,20,1,19
1,1,1,100,15,15,20,2,20
1,1,1,100,15,15,20,1,7
1,1,1,100,15,15,20,2,18
1,1,1,100,15,15,20,1,8
1,1,1,100,15,15,20,2,5
1,1,1,100,15,15,20,1,10
1,1,1,100,15,15,20,2,19
1,1,1,100,15,15,20,1,4
1,1,1,100,15,15,20,2,7
1,1,1,100,15,15,20,1,9
1,1,1,100,15,15,20,2,8
1,1,1,100,15,15,20,1,20
1,1,1,100,15,15,20,2,17
1,1,1,100,15,15,20,1,5
1,1,100,16,20,1,0,0,0
1,1,100,16,20,2,0,0,0
1,1,1,100,16,16,20,2,15
1,1,1,100,16,16,20,1,20
1,1,1,100,16,16,20,2,12
1,1,1,100,16,16,20,1,17
1,1,1,100,16,16,20,2,17
1,1,1,100,16,16,20,1,19
1,1,1,100,16,16,20,2,3
1,1,1,100,16,16,20,1,11
1,1,1,100,16,16,20,2,13
1,1,1,100,16,16,20,1,9
1,1,1,100,16,16,20,2,11
1,1,1,100,16,16,20,1,8
1,1,1,100,16,16,20,2,16
1,1,1,100,16,16,20,1,7
1,1,1,100,16,16,20,2,5
1,1,1,100,16,16,20,1,10
1,1,1,100,16,16,20,2,8
1,1,1,100,16,16,20,1,16
1,1,1,100,16,16,20,2,6
1,1,1,100,16,16,20,1,15
1,1,1,100,16,16,20,2,10
1,1,1,100,16,16,20,1,18
1,1,1,100,16,16,20,2,19
1,1,1,100,16,16,20,1,6
1,1,1,100,16,16,20,2,9
1,1,1,100,16,16,20,1,5
1,1,1,100,16,16,20,2,7
1,1,1,100,16,16,20,1,13
1,1,1,100,16,16,20,2,18
1,1,1,100,16,16,20,1,12
1,1,1,100,16,16,20,2,14
1,1,1,100,16,16,20,1,4
1,1,1,100,16,16,20,2,20
1,1,1,100,16,16,20,1,14
1,1,1,100,16,16,20,2,4
1,1,1,100,16,16,20,1,3
1,1,100,17,20,1,0,0,0
1,1,100,17,20,2,0,0,0
1,1,1,100,17,17,20,2,13
1,1,1,100,17,17,20,1,11
1,1,1,100,17,17,20,2,11
1,1,1,100,17,17,20,1,8
1,1,1,100,17,17,20,2,20
1,1,1,100,17,17,20,1,15
1,1,1,100,17,17,20,2,9
1,1,1,100,17,17,20,1,18
1,1,1,100,17,17,20,2,8
1,1,1,100,17,17,20,1,7
1,1,1,100,17,17,20,2,4
1,1,1,100,17,17,20,1,19
1,1,1,100,17,17,20,2,3
1,1,1,100,17,17,20,1,6
1,1,1,100,17,17,20,2,5
1,1,1,100,17,17,20,1,9
1,1,1,100,17,17,20,2,14
1,1,1,100,17,17,20,1,4
1,1,1,100,17,17,20,2,7
1,1,1,100,17,17,20,1,10
1,1,1,100,17,17,20,2,12
1,1,1,100,17,17,20,1,5
1,1,1,100,17,17,20,2,10
1,1,1,100,17,17,20,1,12
1,1,1,100,17,17,20,2,19
1,1,1,100,17,17,20,1,16
1,1,1,100,17,17,20,2,6
1,1,1,100,17,17,20,1,3
1,1,1,100,17,17,20,2,16
1,1,1,100,17,17,20,1,13
1,1,1,100,17,17,20,2,15
1,1,1,100,17,17,20,1,20
1,1,1,100,17,17,20,2,17
1,1,1,100,17,17,20,1,17
1,1,1,100,17,17,20,2,18
1,1,1,100,17,17,20,1,14
1,1,100,18,20,1,0,0,0
1,1,100,18,20,2,0,0,0
1,1,1,100,18,18,20,2,6
1,1,1,100,18,18,20,1,16
1,1,1,100,18,18,20,2,19
1,1,1,100,18,18,20,1,10
1,1,1,100,18,18,20,2,20
1,1,1,100,18,18,20,1,13
1,1,1,100,18,18,20,2,8
1,1,1,100,18,18,20,1,14
1,1,1,100,18,18,20,2,11
1,1,1,100,18,18,20,1,5
1,1,1,100,18,18,20,2,3
1,1,1,100,18,18,20,1,12
1,1,1,100,18,18,20,2,9
1,1,1,100,18,18,20,1,9
1,1,1,100,18,18,20,2,5
1,1,1,100,18,18,20,1,15
1,1,1,100,18,18,20,2,17
1,1,1,100,18,18,20,1,4
1,1,1,100,18,18,20,2,4
1,1,1,100,18,18,20,1,17
1,1,1,100,18,18,20,2,16
1,1,1,100,18,18,20,1,3
1,1,1,100,18,18,20,2,14
1,1,1,100,18,18,20,1,6
1,1,1,100,18,18,20,2,12
1,1,1,100,18,18,20,1,11
1,1,1,100,18,18,20,2,15
1,1,1,100,18,18,20,1,18
1,1,1,100,18,18,20,2,7
1,1,1,100,18,18,20,1,20
1,1,1,100,18,18,20,2,10
1,1,1,100,18,18,20,1,19
1,1,1,100,18,18,20,2,13
1,1,1,100,18,18,20,1,7
1,1,1,100,18,18,20,2,18
1,1,1,100,18,18,20,1,8
1,1,100,19,20,1,0,0,0
1,1,100,19,20,2,0,0,0
1,1,1,100,19,19,20,2,13
1,1,1,100,19,19,20,1,12
1,1,1,100,19,19,20,2,7
1,1,1,100,19,19,20,1,18
1,1,1,100,19,19,20,2,3
1,1,1,100,19,19,20,1,11
1,1,1,100,19,19,20,2,4
1,1,1,100,19,19,20,1,6
1,1,1,100,19,19,20,2,17
1,1,1,100,19,19,20,1,19
1,1,1,100,19,19,20,2,12
1,1,1,100,19,19,20,1,15
1,1,1,100,19,19,20,2,20
1,1,1,100,19,19,20,1,3
1,1,1,100,19,19,20,2,14
1,1,1,100,19,19,20,1,16
1,1,1,100,19,19,20,2,19
1,1,1,100,19,19,20,1,17
1,1,1,100,19,19,20,2,16
1,1,1,100,19,19,20,1,20
1,1,1,100,19,19,20,2,11
1,1,1,100,19,19,20,1,13
1,1,1,100,19,19,20,2,6
1,1,1,100,19,19,20,1,9
1,1,1,100,19,19,20,2,18
1,1,1,100,19,19,20,1,10
1,1,1,100,19,19,20,2,8
1,1,1,100,19,19,20,1,5
1,1,1,100,19,19,20,2,10
1,1,1,100,19,19,20,1,4
1,1,1,100,19,19,20,2,5
1,1,1,100,19,19,20,1,7
1,1,1,100,19,19,20,2,9
1,1,1,100,19,19,20,1,14
1,1,1,100,19,19,20,2,15
1,1,1,100,19,19,20,1,8
1,1,100,20,20,1,0,0,0
1,1,100,20,20,2,0,0,0
1,1,1,100,20,20,20,2,6
1,1,1,100,20,20,20,1,17
1,1,1,100,20,20,20,2,20
1,1,1,100,20,20,20,1,18
1,1,1,100,20,20,20,2,3
1,1,1,100,20,20,20,1,14
1,1,1,100,20,20,20,2,10
1,1,1,100,20,20,20,1,11
1,1,1,100,20,20,20,2,15
1,1,1,100,20,20,20,1,16
1,1,1,100,20,20,20,2,16
1,1,1,100,20,20,20,1,19
1,1,1,100,20,20,20,2,19
1,1,1,100,20,20,20,1,10
1,1,1,100,20,20,20,2,4
1,1,1,100,20,20,20,1,7
1,1,1,100,20,20,20,2,7
1,1,1,100,20,20,20,1,9
1,1,1,100,20,20,20,2,8
1,1,1,100,20,20,20,1,4
1,1,1,100,20,20,20,2,12
1,1,1,100,20,20,20,1,6
1,1,1,100,20,20,20,2,18
1,1,1,100,20,20,20,1,12
1,1,1,100,20,20,20,2,5
1,1,1,100,20,20,20,1,20
1,1,1,100,20,20,20,2,17
1,1,1,100,20,20,20,1,5
1,1,1,100,20,20,20,2,9
1,1,1,100,20,20,20,1,15
1,1,1,100,20,20,20,2,13
1,1,1,100,20,20,20,1,3
1,1,1,100,20,20,20,2,11
1,1,1,100,20,20,20,1,8
1,1,1,100,20,20,20,2,14
1,1,1,100,20,20,20,1,13
1,1,100,21,20,1,0,0,0
1,1,100,21,20,2,0,0,0
1,1,1,100,21,21,20,2,3
1,1,1,100,21,21,20,1,17
1,1,1,100,21,21,20,2,8
1,1,1,100,21,21,20,1,13
1,1,1,100,21,21,20,2,19
1,1,1,100,21,21,20,1,16
1,1,1,100,21,21,20,2,9
1,1,1,100,21,21,20,1,14
1,1,1,100,21,21,20,2,18
1,1,1,100,21,21,20,1,5
1,1,1,100,21,21,20,2,15
1,1,1,100,21,21,20,1,20
1,1,1,100,21,21,20,2,13
1,1,1,100,21,21,20,1,3
1,1,1,100,21,21,20,2,20
1,1,1,100,21,21,20,1,6
1,1,1,100,21,21,20,2,10
1,1,1,100,21,21,20,1,4
1,1,1,100,21,21,20,2,5
1,1,1,100,21,21,20,1,8
1,1,1,100,21,21,20,2,11
1,1,1,100,21,21,20,1,18
1,1,1,100,21,21,20,2,12
1,1,1,100,21,21,20,1,12
1,1,1,100,21,21,20,2,14
1,1,1,100,21,21,20,1,11
1,1,1,100,21,21,20,2,7
1,1,1,100,21,21,20,1,7
1,1,1,100,21,21,20,2,17
1,1,1,100,21,21,20,1,15
1,1,1,100,21,21,20,2,6
1,1,1,100,21,21,20,1,19
1,1,1,100,21,21,20,2,4
1,1,1,100,21,21,20,1,10
1,1,1,100,21,21,20,2,16
1,1,1,100,21,21,20,1,9
1,1,100,22,20,1,0,0,0
1,1,100,22,20,2,0,0,0
1,1,1,100,22,22,20,2,13
1,1,1,100,22,22,20,1,13
1,1,1,100,22,22,20,2,15
1,1,1,100,22,22,20,1,11
1,1,1,100,22,22,20,2,18
1,1,1,100,22,22,20,1,9
1,1,1,100,22,22,20,2,19
1,1,1,100,22,22,20,1,5
1,1,1,100,22,22,20,2,5
1,1,1,100,22,22,20,1,18
1,1,1,100,22,22,20,2,3
1,1,1,100,22,22,20,1,19
1,1,1,100,22,22,20,2,10
1,1,1,100,22,22,20,1,4
1,1,1,100,22,22,20,2,16
1,1,1,100,22,22,20,1,10
1,1,1,100,22,22,20,2,12
1,1,1,100,22,22,20,1,17
1,1,1,100,22,22,20,2,20
1,1,1,100,22,22,20,1,8
1,1,1,100,22,22,20,2,17
1,1,1,100,22,22,20,1,15
1,1,1,100,22,22,20,2,8
1,1,1,100,22,22,20,1,7
1,1,1,100,22,22,20,2,6
1,1,1,100,22,22,20,1,14
1,1,1,100,22,22,20,2,14
1,1,1,100,22,22,20,1,12
1,1,1,100,22,22,20,2,11
1,1,1,100,22,22,20,1,20
1,1,1,100,22,22,20,2,4
1,1,1,100,22,22,20,1,16
1,1,1,100,22,22,20,2,7
1,1,1,100,22,22,20,1,3
1,1,1,100,22,22,20,2,9
1,1,1,100,22,22,20,1,6
1,1,100,23,20,1,0,0,0
1,1,100,23,20,2,0,0,0
1,1,1,100,23,23,20,2,4
1,1,1,100,23,23,20,1,17
1,1,1,100,23,23,20,2,16
1,1,1,100,23,23,20,1,3
1,1,1,100,23,23,20,2,9
1,1,1,100,23,23,20,1,18
1,1,1,100,23,23,20,2,12
1,1,1,100,23,23,20,1,4
1,1,1,100,23,23,20,2,6
1,1,1,100,23,23,20,1,20
1,1,1,100,23,23,20,2,19
1,1,1,100,23,23,20,1,10
1,1,1,100,23,23,20,2,18
1,1,1,100,23,23,20,1,5
1,1,1,100,23,23,20,2,5
1,1,1,100,23,23,20,1,8
1,1,1,100,23,23,20,2,20
1,1,1,100,23,23,20,1,15
1,1,1,100,23,23,20,2,13
1,1,1,100,23,23,20,1,12
1,1,1,100,23,23,20,2,8
1,1,1,100,23,23,20,1,16
1,1,1,100,23,23,20,2,17
1,1,1,100,23,23,20,1,14
1,1,1,100,23,23,20,2,3
1,1,1,100,23,23,20,1,19
1,1,1,100,23,23,20,2,14
1,1,1,100,23,23,20,1,7
1,1,1,100,23,23,20,2,11
1,1,1,100,23,23,20,1,11
1,1,1,100,23,23,20,2,15
1,1,1,100,23,23,20,1,6
1,1,1,100,23,23,20,2,10
1,1,1,100,23,23,20,1,9
1,1,1,100,23,23,20,2,7
1,1,1,100,23,23,20,1,13
1,1,100,24,20,1,0,0,0
1,1,100,24,20,2,0,0,0
1,1,1,100,24,24,20,2,6
1,1,1,100,24,24,20,1,18
1,1,1,100,24,24,20,2,9
1,1,1,100,24,24,20,1,13
1,1,1,100,24,24,20,2,8
1,1,1,100,24,24,20,1,5
1,1,1,100,24,24,20,2,3
1,1,1,100,24,24,20,1,20
1,1,1,100,24,24,20,2,16
1,1,1,100,24,24,20,1,15
1,1,1,100,24,24,20,2,17
1,1,1,100,24,24,20,1,10
1,1,1,100,24,24,20,2,15
1,1,1,100,24,24,20,1,11
1,1,1,100,24,24,20,2,10
1,1,1,100,24,24,20,1,7
1,1,1,100,24,24,20,2,14
1,1,1,100,24,24,20,1,16
1,1,1,100,24,24,20,2,18
1,1,1,100,24,24,20,1,3
1,1,1,100,24,24,20,2,13
1,1,1,100,24,24,20,1,12
1,1,1,100,24,24,20,2,7
1,1,1,100,24,24,20,1,8
1,1,1,100,24,24,20,2,12
1,1,1,100,24,24,20,1,14
1,1,1,100,24,24,20,2,5
1,1,1,100,24,24,20,1,9
1,1,1,100,24,24,20,2,20
1,1,1,100,24,24,20,1,17
1,1,1,100,24,24,20,2,11
1,1,1,100,24,24,20,1,4
1,1,1,100,24,24,20,2,4
1,1,1,100,24,24,20,1,19
1,1,1,100,24,24,20,2,19
1,1,1,100,24,24,20,1,6
1,1,100,25,20,1,0,0,0
1,1,100,25,20,2,0,0,0
1,1,1,100,25,25,20,2,14
1,1,1,100,25,25,20,1,20
1,1,1,100,25,25,20,2,4
1,1,1,100,25,25,20,1,14
1,1,1,100,25,25,20,2,18
1,1,1,100,25,25,20,1,8
1,1,1,100,25,25,20,2,9
1,1,1,100,25,25,20,1,19
1,1,1,100,25,25,20,2,11
1,1,1,100,25,25,20,1,5
1,1,1,100,25,25,20,2,15
1,1,1,100,25,25,20,1,11
1,1,1,100,25,25,20,2,10
1,1,1,100,25,25,20,1,18
1,1,1,100,25,25,20,2,6
1,1,1,100,25,25,20,1,3
1,1,1,100,25,25,20,2,13
1,1,1,100,25,25,20,1,7
1,1,1,100,25,25,20,2,3
1,1,1,100,25,25,20,1,12
1,1,1,100,25,25,20,2,17
1,1,1,100,25,25,20,1,9
1,1,1,100,25,25,20,2,12
1,1,1,100,25,25,20,1,10
1,1,1,100,25,25,20,2,7
1,1,1,100,25,25,20,1,13
1,1,1,100,25,25,20,2,19
1,1,1,100,25,25,20,1,4
1,1,1,100,25,25,20,2,16
1,1,1,100,25,25,20,1,16
1,1,1,100,25,25,20,2,5
1,1,1,100,25,25,20,1,15
1,1,1,100,25,25,20,2,20
1,1,1,100,25,25,20,1,6
1,1,1,100,25,25,20,2,8
1,1,1,100,25,25,20,1,17
1,1,100,26,20,1,0,0,0
1,1,100,26,20,2,0,0,0
1,1,1,100,26,26,20,2,19
1,1,1,100,26,26,20,1,9
1,1,1,100,26,26,20,2,13
1,1,1,100,26,26,20,1,12
1,1,1,100,26,26,20,2,8
1,1,1,100,26,26,20,1,16
1,1,1,100,26,26,20,2,20
1,1,1,100,26,26,20,1,19
1,1,1,100,26,26,20,2,3
1,1,1,100,26,26,20,1,10
1,1,1,100,26,26,20,2,12
1,1,1,100,26,26,20,1,5
1,1,1,100,26,26,20,2,14
1,1,1,100,26,26,20,1,15
1,1,1,100,26,26,20,2,10
1,1,1,100,26,26,20,1,4
1,1,1,100,26,26,20,2,9
1,1,1,100,26,26,20,1,8
1,1,1,100,26,26,20,2,4
1,1,1,100,26,26,20,1,6
1,1,1,100,26,26,20,2,15
1,1,1,100,26,26,20,1,3
1,1,1,100,26,26,20,2,16
1,1,1,100,26,26,20,1,7
1,1,1,100,26,26,20,2,18
1,1,1,100,26,26,20,1,17
1,1,1,100,26,26,20,2,5
1,1,1,100,26,26,20,1,18
1,1,1,100,26,26,20,2,17
1,1,1,100,26,26,20,1,13
1,1,1,100,26,26,20,2,11
1,1,1,100,26,26,20,1,14
1,1,1,100,26,26,20,2,6
1,1,1,100,26,26,20,1,11
1,1,1,100,26,26,20,2,7
1,1,1,100,26,26,20,1,20
1,1,100,27,20,1,0,0,0
1,1,100,27,20,2,0,0,0
1,1,1,100,27,27,20,2,8
1,1,1,100,27,27,20,1,10
1,1,1,100,27,27,20,2,4
1,1,1,100,27,27,20,1,20
1,1,1,100,27,27,20,2,12
1,1,1,100,27,27,20,1,14
1,1,1,100,27,27,20,2,19
1,1,1,100,27,27,20,1,7
1,1,1,100,27,27,20,2,11
1,1,1,100,27,27,20,1,3
1,1,1,100,27,27,20,2,13
1,1,1,100,27,27,20,1,12
1,1,1,100,27,27,20,2,7
1,1,1,100,27,27,20,1,9
1,1,1,100,27,27,20,2,16
1,1,1,100,27,27,20,1,6
1,1,1,100,27,27,20,2,18
1,1,1,100,27,27,20,1,13
1,1,1,100,27,27,20,2,17
1,1,1,100,27,27,20,1,4
1,1,1,100,27,27,20,2,6
1,1,1,100,27,27,20,1,17
1,1,1,100,27,27,20,2,15
1,1,1,100,27,27,20,1,5
1,1,1,100,27,27,20,2,20
1,1,1,100,27,27,20,1,11
1,1,1,100,27,27,20,2,10
1,1,1,100,27,27,20,1,16
1,1,1,100,27,27,20,2,3
1,1,1,100,27,27,20,1,18
1,1,1,100,27,27,20,2,5
1,1,1,100,27,27,20,1,8
1,1,1,100,27,27,20,2,14
1,1,1,100,27,27,20,1,15
1,1,1,100,27,27,20,2,9
1,1,1,100,27,27,20,1,19
1,1,100,28,20,1,0,0,0
1,1,100,28,20,2,0,0,0
1,1,1,100,28,28,20,2,7
1,1,1,100,28,28,20,1,14
1,1,1,100,28,28,20,2,3
1,1,1,100,28,28,20,1,19
1,1,1,100,28,28,20,2,9
1,1,1,100,28,28,20,1,18
1,1,1,100,28,28,20,2,10
1,1,1,100,28,28,20,1,3
1,1,1,100,28,28,20,2,19
1,1,1,100,28,28,20,1,15
1,1,1,100,28,28,20,2,20
1,1,1,100,28,28,20,1,10
1,1,1,100,28,28,20,2,15
1,1,1,100,28,28,20,1,6
1,1,1,100,28,28,20,2,17
1,1,1,100,28,28,20,1,5
1,1,1,100,28,28,20,2,13
1,1,1,100,28,28,20,1,4
1,1,1,100,28,28,20,2,6
1,1,1,100,28,28,20,1,20
1,1,1,100,28,28,20,2,18
1,1,1,100,28,28,20,1,17
1,1,1,100,28,28,20,2,16
1,1,1,100,28,28,20,1,11
1,1,1,100,28,28,20,2,11
1,1,1,100,28,28,20,1,16
1,1,1,100,28,28,20,2,4
1,1,1,100,28,28,20,1,13
1,1,1,100,28,28,20,2,14
1,1,1,100,28,28,20,1,12
1,1,1,100,28,28,20,2,8
1,1,1,100,28,28,20,1,8
1,1,1,100,28,28,20,2,12
1,1,1,100,28,28,20,1,7
1,1,1,100,28,28,20,2,5
1,1,1,100,28,28,20,1,9
1,1,100,29,20,1,0,0,0
1,1,100,29,20,2,0,0,0
1,1,1,100,29,29,20,2,5
1,1,1,100,29,29,20,1,13
1,1,1,100,29,29,20,2,16
1,1,1,100,29,29,20,1,14
1,1,1,100,29,29,20,2,14
1,1,1,100,29,29,20,1,8
1,1,1,100,29,29,20,2,15
1,1,1,100,29,29,20,1,9
1,1,1,100,29,29,20,2,17
1,1,1,100,29,29,20,1,18
1,1,1,100,29,29,20,2,11
1,1,1,100,29,29,20,1,3
1,1,1,100,29,29,20,2,12
1,1,1,100,29,29,20,1,17
1,1,1,100,29,29,20,2,3
1,1,1,100,29,29,20,1,6
1,1,1,100,29,29,20,2,9
1,1,1,100,29,29,20,1,20
1,1,1,100,29,29,20,2,10
1,1,1,100,29,29,20,1,12
1,1,1,100,29,29,20,2,8
1,1,1,100,29,29,20,1,19
1,1,1,100,29,29,20,2,4
1,1,1,100,29,29,20,1,5
1,1,1,100,29,29,20,2,13
1,1,1,100,29,29,20,1,4
1,1,1,100,29,29,20,2,18
1,1,1,100,29,29,20,1,10
1,1,1,100,29,29,20,2,20
1,1,1,100,29,29,20,1,16
1,1,1,100,29,29,20,2,6
1,1,1,100,29,29,20,1,7
1,1,1,100,29,29,20,2,19
1,1,1,100,29,29,20,1,11
1,1,1,100,29,29,20,2,7
1,1,1,100,29,29,20,1,15
1,1,100,30,20,1,0,0,0
1,1,100,30,20,2,0,0,0
1,1,1,100,30,30,20,2,17
1,1,1,100,30,30,20,1,12
1,1,1,100,30,30,20,2,12
1,1,1,100,30,30,20,1,7
1,1,1,100,30,30,20,2,9
1,1,1,100,30,30,20,1,11
1,1,1,100,30,30,20,2,15
1,1,1,100,30,30,20,1,19
1,1,1,100,30,30,20,2,14
1,1,1,100,30,30,20,1,5
1,1,1,100,30,30,20,2,16
1,1,1,100,30,30,20,1,18
1,1,1,100,30,30,20,2,8
1,1,1,100,30,30,20,1,13
1,1,1,100,30,30,20,2,11
1,1,1,100,30,30,20,1,10
1,1,1,100,30,30,20,2,20
1,1,1,100,30,30,20,1,4
1,1,1,100,30,30,20,2,18
1,1,1,100,30,30,20,1,14
1,1,1,100,30,30,20,2,10
1,1,1,100,30,30,20,1,9
1,1,1,100,30,30,20,2,7
1,1,1,100,30,30,20,1,6
1,1,1,100,30,30,20,2,4
1,1,1,100,30,30,20,1,16
1,1,1,100,30,30,20,2,13
1,1,1,100,30,30,20,1,3
1,1,1,100,30,30,20,2,6
1,1,1,100,30,30,20,1,15
1,1,1,100,30,30,20,2,3
1,1,1,100,30,30,20,1,20
1,1,1,100,30,30,20,2,19
1,1,1,100,30,30,20,1,17
1,1,1,100,30,30,20,2,5
1,1,1,100,30,30,20,1,8
1,1,100,31,20,1,0,0,0
1,1,100,31,20,2,0,0,0
1,1,1,100,31,31,20,2,16
1,1,1,100,31,31,20,1,5
1,1,1,100,31,31,20,2,8
1,1,1,100,31,31,20,1,15
1,1,1,100,31,31,20,2,3
1,1,1,100,31,31,20,1,11
1,1,1,100,31,31,20,2,20
1,1,1,100,31,31,20,1,12
1,1,1,100,31,31,20,2,13
1,1,1,100,31,31,20,1,14
1,1,1,100,31,31,20,2,14
1,1,1,100,31,31,20,1,18
1,1,1,100,31,31,20,2,12
1,1,1,100,31,31,20,1,20
1,1,1,100,31,31,20,2,5
1,1,1,100,31,31,20,1,17
1,1,1,100,31,31,20,2,19
1,1,1,100,31,31,20,1,13
1,1,1,100,31,31,20,2,6
1,1,1,100,31,31,20,1,19
1,1,1,100,31,31,20,2,18
1,1,1,100,31,31,20,1,10
1,1,1,100,31,31,20,2,9
1,1,1,100,31,31,20,1,16
1,1,1,100,31,31,20,2,17
1,1,1,100,31,31,20,1,9
1,1,1,100,31,31,20,2,11
1,1,1,100,31,31,20,1,7
1,1,1,100,31,31,20,2,10
1,1,1,100,31,31,20,1,4
1,1,1,100,31,31,20,2,15
1,1,1,100,31,31,20,1,6
1,1,1,100,31,31,20,2,7
1,1,1,100,31,31,20,1,8
1,1,1,100,31,31,20,2,4
1,1,1,100,31,31,20,1,3
1,1,100,32,20,1,0,0,0
1,1,100,32,20,2,0,0,0
1,1,1,100,32,32,20,2,15
1,1,1,100,32,32,20,1,4
1,1,1,100,32,32,20,2,20
1,1,1,100,32,32,20,1,19
1,1,1,100,32,32,20,2,12
1,1,1,100,32,32,20,1,8
1,1,1,100,32,32,20,2,5
1,1,1,100,32,32,20,1,11
1,1,1,100,32,32,20,2,7
1,1,1,100,32,32,20,1,15
1,1,1,100,32,32,20,2,13
1,1,1,100,32,32,20,1,16
1,1,1,100,32,32,20,2,17
1,1,1,100,32,32,20,1,7
1,1,1,100,32,32,20,2,4
1,1,1,100,32,32,20,1,20
1,1,1,100,32,32,20,2,6
1,1,1,100,32,32,20,1,13
1,1,1,100,32,32,20,2,14
1,1,1,100,32,32,20,1,12
1,1,1,100,32,32,20,2,16
1,1,1,100,32,32,20,1,14
1,1,1,100,32,32,20,2,11
1,1,1,100,32,32,20,1,5
1,1,1,100,32,32,20,2,9
1,1,1,100,32,32,20,1,10
1,1,1,100,32,32,20,2,3
1,1,1,100,32,32,20,1,6
1,1,1,100,32,32,20,2,8
1,1,1,100,32,32,20,1,3
1,1,1,100,32,32,20,2,10
1,1,1,100,32,32,20,1,18
1,1,1,100,32,32,20,2,18
1,1,1,100,32,32,20,1,17
1,1,1,100,32,32,20,2,19
1,1,1,100,32,32,20,1,9
1,1,100,33,20,1,0,0,0
1,1,100,33,20,2,0,0,0
1,1,1,100,33,33,20,2,4
1,1,1,100,33,33,20,1,13
1,1,1,100,33,33,20,2,12
1,1,1,100,33,33,20,1,20
1,1,1,100,33,33,20,2,15
1,1,1,100,33,33,20,1,17
1,1,1,100,33,33,20,2,10
1,1,1,100,33,33,20,1,3
1,1,1,100,33,33,20,2,16
1,1,1,100,33,33,20,1,19
1,1,1,100,33,33,20,2,20
1,1,1,100,33,33,20,1,7
1,1,1,100,33,33,20,2,18
1,1,1,100,33,33,20,1,16
1,1,1,100,33,33,20,2,8
1,1,1,100,33,33,20,1,10
1,1,1,100,33,33,20,2,3
1,1,1,100,33,33,20,1,9
1,1,1,100,33,33,20,2,7
1,1,1,100,33,33,20,1,18
1,1,1,100,33,33,20,2,6
1,1,1,100,33,33,20,1,5
1,1,1,100,33,33,20,2,19
1,1,1,100,33,33,20,1,4
1,1,1,100,33,33,20,2,5
1,1,1,100,33,33,20,1,6
1,1,1,100,33,33,20,2,17
1,1,1,100,33,33,20,1,15
1,1,1,100,33,33,20,2,9
1,1,1,100,33,33,20,1,14
1,1,1,100,33,33,20,2,11
1,1,1,100,33,33,20,1,12
1,1,1,100,33,33,20,2,14
1,1,1,100,33,33,20,1,11
1,1,1,100,33,33,20,2,13
1,1,1,100,33,33,20,1,8
1,1,100,34,20,1,0,0,0
1,1,100,34,20,2,0,0,0
1,1,1,100,34,34,20,2,13
1,1,1,100,34,34,20,1,7
1,1,1,100,34,34,20,2,7
1,1,1,100,34,34,20,1,16
1,1,1,100,34,34,20,2,17
1,1,1,100,34,34,20,1,13
1,1,1,100,34,34,20,2,3
1,1,1,100,34,34,20,1,9
1,1,1,100,34,34,20,2,8
1,1,1,100,34,34,20,1,18
1,1,1,100,34,34,20,2,18
1,1,1,100,34,34,20,1,4
1,1,1,100,34,34,20,2,10
1,1,1,100,34,34,20,1,10
1,1,1,100,34,34,20,2,12
1,1,1,100,34,34,20,1,20
1,1,1,100,34,34,20,2,5
1,1,1,100,34,34,20,1,6
1,1,1,100,34,34,20,2,15
1,1,1,100,34,34,20,1,5
1,1,1,100,34,34,20,2,16
1,1,1,100,34,34,20,1,14
1,1,1,100,34,34,20,2,11
1,1,1,100,34,34,20,1,15
1,1,1,100,34,34,20,2,20
1,1,1,100,34,34,20,1,19
1,1,1,100,34,34,20,2,9
1,1,1,100,34,34,20,1,3
1,1,1,100,34,34,20,2,19
1,1,1,100,34,34,20,1,8
1,1,1,100,34,34,20,2,6
1,1,1,100,34,34,20,1,11
1,1,1,100,34,34,20,2,14
1,1,1,100,34,34,20,1,12
1,1,1,100,34,34,20,2,4
1,1,1,100,34,34,20,1,17
1,1,100,35,20,1,0,0,0
1,1,100,35,20,2,0,0,0
1,1,1,100,35,35,20,2,4
1,1,1,100,35,35,20,1,17
1,1,1,100,35,35,20,2,17
1,1,1,100,35,35,20,1,7
1,1,1,100,35,35,20,2,11
1,1,1,100,35,35,20,1,13
1,1,1,100,35,35,20,2,16
1,1,1,100,35,35,20,1,3
1,1,1,100,35,35,20,2,20
1,1,1,100,35,35,20,1,18
1,1,1,100,35,35,20,2,18
1,1,1,100,35,35,20,1,10
1,1,1,100,35,35,20,2,9
1,1,1,100,35,35,20,1,14
1,1,1,100,35,35,20,2,19
1,1,1,100,35,35,20,1,6
1,1,1,100,35,35,20,2,10
1,1,1,100,35,35,20,1,15
1,1,1,100,35,35,20,2,8
1,1,1,100,35,35,20,1,20
1,1,1,100,35,35,20,2,5
1,1,1,100,35,35,20,1,12
1,1,1,100,35,35,20,2,7
1,1,1,100,35,35,20,1,4
1,1,1,100,35,35,20,2,14
1,1,1,100,35,35,20,1,16
1,1,1,100,35,35,20,2,3
1,1,1,100,35,35,20,1,8
1,1,1,100,35,35,20,2,15
1,1,1,100,35,35,20,1,11
1,1,1,100,35,35,20,2,13
1,1,1,100,35,35,20,1,5
1,1,1,100,35,35,20,2,12
1,1,1,100,35,35,20,1,9
1,1,1,100,35,35,20,2,6
1,1,1,100,35,35,20,1,19
1,1,100,36,20,1,0,0,0
1,1,100,36,20,2,0,0,0
1,1,1,100,36,36,20,2,4
1,1,1,100,36,36,20,1,8
1,1,1,100,36,36,20,2,12
1,1,1,100,36,36,20,1,16
1,1,1,100,36,36,20,2,10
1,1,1,100,36,36,20,1,5
1,1,1,100,36,36,20,2,11
1,1,1,100,36,36,20,1,6
1,1,1,100,36,36,20,2,9
1,1,1,100,36,36,20,1,7
1,1,1,100,36,36,20,2,7
1,1,1,100,36,36,20,1,20
1,1,1,100,36,36,20,2,14
1,1,1,100,36,36,20,1,4
1,1,1,100,36,36,20,2,16
1,1,1,100,36,36,20,1,18
1,1,1,100,36,36,20,2,18
1,1,1,100,36,36,20,1,10
1,1,1,100,36,36,20,2,15
1,1,1,100,36,36,20,1,12
1,1,1,100,36,36,20,2,8
1,1,1,100,36,36,20,1,9
1,1,1,100,36,36,20,2,17
1,1,1,100,36,36,20,1,3
1,1,1,100,36,36,20,2,5
1,1,1,100,36,36,20,1,14
1,1,1,100,36,36,20,2,13
1,1,1,100,36,36,20,1,15
1,1,1,100,36,36,20,2,20
1,1,1,100,36,36,20,1,17
1,1,1,100,36,36,20,2,19
1,1,1,100,36,36,20,1,13
1,1,1,100,36,36,20,2,3
1,1,1,100,36,36,20,1,11
1,1,1,100,36,36,20,2,6
1,1,1,100,36,36,20,1,19
1,1,100,37,20,1,0,0,0
1,1,100,37,20,2,0,0,0
1,1,1,100,37,37,20,2,11
1,1,1,100,37,37,20,1,15
1,1,1,100,37,37,20,2,13
1,1,1,100,37,37,20,1,6
1,1,1,100,37,37,20,2,14
1,1,1,100,37,37,20,1,8
1,1,1,100,37,37,20,2,18
1,1,1,100,37,37,20,1,5
1,1,1,100,37,37,20,2,20
1,1,1,100,37,37,20,1,17
1,1,1,100,37,37,20,2,10
1,1,1,100,37,37,20,1,11
1,1,1,100,37,37,20,2,15
1,1,1,100,37,37,20,1,4
1,1,1,100,37,37,20,2,12
1,1,1,100,37,37,20,1,18
1,1,1,100,37,37,20,2,17
1,1,1,100,37,37,20,1,7
1,1,1,100,37,37,20,2,6
1,1,1,100,37,37,20,1,16
1,1,1,100,37,37,20,2,4
1,1,1,100,37,37,20,1,12
1,1,1,100,37,37,20,2,9
1,1,1,100,37,37,20,1,9
1,1,1,100,37,37,20,2,5
1,1,1,100,37,37,20,1,19
1,1,1,100,37,37,20,2,8
1,1,1,100,37,37,20,1,14
1,1,1,100,37,37,20,2,19
1,1,1,100,37,37,20,1,13
1,1,1,100,37,37,20,2,7
1,1,1,100,37,37,20,1,20
1,1,1,100,37,37,20,2,16
1,1,1,100,37,37,20,1,10
1,1,1,100,37,37,20,2,3
1,1,1,100,37,37,20,1,3
1,1,100,38,20,1,0,0,0
1,1,100,38,20,2,0,0,0
1,1,1,100,38,38,20,2,3
1,1,1,100,38,38,20,1,7
1,1,1,100,38,38,20,2,19
1,1,1,100,38,38,20,1,18
1,1,1,100,38,38,20,2,4
1,1,1,100,38,38,20,1,4
1,1,1,100,38,38,20,2,13
1,1,1,100,38,38,20,1,5
1,1,1,100,38,38,20,2,15
1,1,1,100,38,38,20,1,13
1,1,1,100,38,38,20,2,5
1,1,1,100,38,38,20,1,3
1,1,1,100,38,38,20,2,11
1,1,1,100,38,38,20,1,6
1,1,1,100,38,38,20,2,10
1,1,1,100,38,38,20,1,11
1,1,1,100,38,38,20,2,8
1,1,1,100,38,38,20,1,15
1,1,1,100,38,38,20,2,6
1,1,1,100,38,38,20,1,20
1,1,1,100,38,38,20,2,17
1,1,1,100,38,38,20,1,16
1,1,1,100,38,38,20,2,14
1,1,1,100,38,38,20,1,12
1,1,1,100,38,38,20,2,18
1,1,1,100,38,38,20,1,19
1,1,1,100,38,38,20,2,9
1,1,1,100,38,38,20,1,8
1,1,1,100,38,38,20,2,16
1,1,1,100,38,38,20,1,9
1,1,1,100,38,38,20,2,12
1,1,1,100,38,38,20,1,14
1,1,1,100,38,38,20,2,7
1,1,1,100,38,38,20,1,10
1,1,1,100,38,38,20,2,20
1,1,1,100,38,38,20,1,17
1,1,100,39,20,1,0,0,0
1,1,100,39,20,2,0,0,0
1,1,1,100,39,39,20,2,6
1,1,1,100,39,39,20,1,18
1,1,1,100,39,39,20,2,20
1,1,1,100,39,39,20,1,5
1,1,1,100,39,39,20,2,18
1,1,1,100,39,39,20,1,14
1,1,1,100,39,39,20,2,8
1,1,1,100,39,39,20,1,9
1,1,1,100,39,39,20,2,19
1,1,1,100,39,39,20,1,8
1,1,1,100,39,39,20,2,17
1,1,1,100,39,39,20,1,17
1,1,1,100,39,39,20,2,14
1,1,1,100,39,39,20,1,19
1,1,1,100,39,39,20,2,12
1,1,1,100,39,39,20,1,12
1,1,1,100,39,39,20,2,3
1,1,1,100,39,39,20,1,6
1,1,1,100,39,39,20,2,13
1,1,1,100,39,39,20,1,3
1,1,1,100,39,39,20,2,4
1,1,1,100,39,39,20,1,10
1,1,1,100,39,39,20,2,5
1,1,1,100,39,39,20,1,15
1,1,1,100,39,39,20,2,11
1,1,1,100,39,39,20,1,16
1,1,1,100,39,39,20,2,9
1,1,1,100,39,39,20,1,11
1,1,1,100,39,39,20,2,16
1,1,1,100,39,39,20,1,20
1,1,1,100,39,39,20,2,10
1,1,1,100,39,39,20,1,7
1,1,1,100,39,39,20,2,7
1,1,1,100,39,39,20,1,4
1,1,1,100,39,39,20,2,15
1,1,1,100,39,39,20,1,13
1,1,100,40,20,1,0,0,0
1,1,100,40,20,2,0,0,0
1,1,1,100,40,40,20,2,12
1,1,1,100,40,40,20,1,9
1,1,1,100,40,40,20,2,14
1,1,1,100,40,40,20,1,10
1,1,1,100,40,40,20,2,18
1,1,1,100,40,40,20,1,17
1,1,1,100,40,40,20,2,9
1,1,1,100,40,40,20,1,4
1,1,1,100,40,40,20,2,17
1,1,1,100,40,40,20,1,15
1,1,1,100,40,40,20,2,3
1,1,1,100,40,40,20,1,16
1,1,1,100,40,40,20,2,7
1,1,1,100,40,40,20,1,7
1,1,1,100,40,40,20,2,20
1,1,1,100,40,40,20,1,12
1,1,1,100,40,40,20,2,19
1,1,1,100,40,40,20,1,20
1,1,1,100,40,40,20,2,8
1,1,1,100,40,40,20,1,18
1,1,1,100,40,40,20,2,11
1,1,1,100,40,40,20,1,11
1,1,1,100,40,40,20,2,16
1,1,1,100,40,40,20,1,6
1,1,1,100,40,40,20,2,6
1,1,1,100,40,40,20,1,13
1,1,1,100,40,40,20,2,5
1,1,1,100,40,40,20,1,14
1,1,1,100,40,40,20,2,4
1,1,1,100,40,40,20,1,5
1,1,1,100,40,40,20,2,10
1,1,1,100,40,40,20,1,3
1,1,1,100,40,40,20,2,15
1,1,1,100,40,40,20,1,8
1,1,1,100,40,40,20,2,13
1,1,1,100,40,40,20,1,19
1,1,100,41,20,1,0,0,0
1,1,100,41,20,2,0,0,0
1,1,1,100,41,41,20,2,11
1,1,1,100,41,41,20,1,8
1,1,1,100,41,41,20,2,10
1,1,1,100,41,41,20,1,14
1,1,1,100,41,41,20,2,18
1,1,1,100,41,41,20,1,3
1,1,1,100,41,41,20,2,8
1,1,1,100,41,41,20,1,12
1,1,1,100,41,41,20,2,20
1,1,1,100,41,41,20,1,19
1,1,1,100,41,41,20,2,7
1,1,1,100,41,41,20,1,13
1,1,1,100,41,41,20,2,12
1,1,1,100,41,41,20,1,17
1,1,1,100,41,41,20,2,19
1,1,1,100,41,41,20,1,16
1,1,1,100,41,41,20,2,9
1,1,1,100,41,41,20,1,4
1,1,1,100,41,41,20,2,17
1,1,1,100,41,41,20,1,7
1,1,1,100,41,41,20,2,5
1,1,1,100,41,41,20,1,6
1,1,1,100,41,41,20,2,3
1,1,1,100,41,41,20,1,10
1,1,1,100,41,41,20,2,16
1,1,1,100,41,41,20,1,15
1,1,1,100,41,41,20,2,13
1,1,1,100,41,41,20,1,9
1,1,1,100,41,41,20,2,6
1,1,1,100,41,41,20,1,18
1,1,1,100,41,41,20,2,4
1,1,1,100,41,41,20,1,5
1,1,1,100,41,41,20,2,14
1,1,1,100,41,41,20,1,20
1,1,1,100,41,41,20,2,15
1,1,1,100,41,41,20,1,11
1,1,100,42,20,1,0,0,0
1,1,100,42,20,2,0,0,0
1,1,1,100,42,42,20,2,20
1,1,1,100,42,42,20,1,20
1,1,1,100,42,42,20,2,4
1,1,1,100,42,42,20,1,7
1,1,1,100,42,42,20,2,15
1,1,1,100,42,42,20,1,13
1,1,1,100,42,42,20,2,14
1,1,1,100,42,42,20,1,10
1,1,1,100,42,42,20,2,11
1,1,1,100,42,42,20,1,15
1,1,1,100,42,42,20,2,19
1,1,1,100,42,42,20,1,5
1,1,1,100,42,42,20,2,6
1,1,1,100,42,42,20,1,12
1,1,1,100,42,42,20,2,9
1,1,1,100,42,42,20,1,6
1,1,1,100,42,42,20,2,7
1,1,1,100,42,42,20,1,19
1,1,1,100,42,42,20,2,18
1,1,1,100,42,42,20,1,14
1,1,1,100,42,42,20,2,12
1,1,1,100,42,42,20,1,4
1,1,1,100,42,42,20,2,17
1,1,1,100,42,42,20,1,18
1,1,1,100,42,42,20,2,16
1,1,1,100,42,42,20,1,11
1,1,1,100,42,42,20,2,8
1,1,1,100,42,42,20,1,3
1,1,1,100,42,42,20,2,3
1,1,1,100,42,42,20,1,8
1,1,1,100,42,42,20,2,5
1,1,1,100,42,42,20,1,9
1,1,1,100,42,42,20,2,13
1,1,1,100,42,42,20,1,17
1,1,1,100,42,42,20,2,10
1,1,1,100,42,42,20,1,16
1,1,100,43,20,1,0,0,0
1,1,100,43,20,2,0,0,0
1,1,1,100,43,43,20,2,11
1,1,1,100,43,43,20,1,8
1,1,1,100,43,43,20,2,20
1,1,1,100,43,43,20,1,10
1,1,1,100,43,43,20,2,18
1,1,1,100,43,43,20,1,16
1,1,1,100,43,43,20,2,16
1,1,1,100,43,43,20,1,6
1,1,1,100,43,43,20,2,13
1,1,1,100,43,43,20,1,12
1,1,1,100,43,43,20,2,14
1,1,1,100,43,43,20,1,15
1,1,1,100,43,43,20,2,9
1,1,1,100,43,43,20,1,4
1,1,1,100,43,43,20,2,4
1,1,1,100,43,43,20,1,5
1,1,1,100,43,43,20,2,15
1,1,1,100,43,43,20,1,3
1,1,1,100,43,43,20,2,12
1,1,1,100,43,43,20,1,17
1,1,1,100,43,43,20,2,5
1,1,1,100,43,43,20,1,9
1,1,1,100,43,43,20,2,17
1,1,1,100,43,43,20,1,7
1,1,1,100,43,43,20,2,19
1,1,1,100,43,43,20,1,11
1,1,1,100,43,43,20,2,6
1,1,1,100,43,43,20,1,14
1,1,1,100,43,43,20,2,3
1,1,1,100,43,43,20,1,13
1,1,1,100,43,43,20,2,8
1,1,1,100,43,43,20,1,18
1,1,1,100,43,43,20,2,7
1,1,1,100,43,43,20,1,19
1,1,1,100,43,43,20,2,10
1,1,1,100,43,43,20,1,20
1,1,100,44,20,1,0,0,0
1,1,100,44,20,2,0,0,0
1,1,1,100,44,44,20,2,9
1,1,1,100,44,44,20,1,11
1,1,1,100,44,44,20,2,5
1,1,1,100,44,44,20,1,19
1,1,1,100,44,44,20,2,17
1,1,1,100,44,44,20,1,7
1,1,1,100,44,44,20,2,8
1,1,1,100,44,44,20,1,13
1,1,1,100,44,44,20,2,14
1,1,1,100,44,44,20,1,20
1,1,1,100,44,44,20,2,11
1,1,1,100,44,44,20,1,16
1,1,1,100,44,44,20,2,3
1,1,1,100,44,44,20,1,3
1,1,1,100,44,44,20,2,15
1,1,1,100,44,44,20,1,5
1,1,1,100,44,44,20,2,16
1,1,1,100,44,44,20,1,15
1,1,1,100,44,44,20,2,10
1,1,1,100,44,44,20,1,4
1,1,1,100,44,44,20,2,19
1,1,1,100,44,44,20,1,6
1,1,1,100,44,44,20,2,4
1,1,1,100,44,44,20,1,9
1,1,1,100,44,44,20,2,7
1,1,1,100,44,44,20,1,10
1,1,1,100,44,44,20,2,18
1,1,1,100,44,44,20,1,8
1,1,1,100,44,44,20,2,12
1,1,1,100,44,44,20,1,17
1,1,1,100,44,44,20,2,6
1,1,1,100,44,44,20,1,18
1,1,1,100,44,44,20,2,20
1,1,1,100,44,44,20,1,12
1,1,1,100,44,44,20,2,13
1,1,1,100,44,44,20,1,14
1,1,100,45,20,1,0,0,0
1,1,100,45,20,2,0,0,0
1,1,1,100,45,45,20,2,18
1,1,1,100,45,45,20,1,18
1,1,1,100,45,45,20,2,5
1,1,1,100,45,45,20,1,11
1,1,1,100,45,45,20,2,6
1,1,1,100,45,45,20,1,5
1,1,1,100,45,45,20,2,8
1,1,1,100,45,45,20,1,16
1,1,1,100,45,45,20,2,16
1,1,1,100,45,45,20,1,6
1,1,1,100,45,45,20,2,15
1,1,1,100,45,45,20,1,8
1,1,1,100,45,45,20,2,7
1,1,1,100,45,45,20,1,3
1,1,1,100,45,45,20,2,19
1,1,1,100,45,45,20,1,15
1,1,1,100,45,45,20,2,3
1,1,1,100,45,45,20,1,20
1,1,1,100,45,45,20,2,20
1,1,1,100,45,45,20,1,7
1,1,1,100,45,45,20,2,4
1,1,1,100,45,45,20,1,9
1,1,1,100,45,45,20,2,10
1,1,1,100,45,45,20,1,13
1,1,1,100,45,45,20,2,17
1,1,1,100,45,45,20,1,12
1,1,1,100,45,45,20,2,14
1,1,1,100,45,45,20,1,10
1,1,1,100,45,45,20,2,11
1,1,1,100,45,45,20,1,17
1,1,1,100,45,45,20,2,9
1,1,1,100,45,45,20,1,14
1,1,1,100,45,45,20,2,13
1,1,1,100,45,45,20,1,4
1,1,1,100,45,45,20,2,12
1,1,1,100,45,45,20,1,19
1,1,100,46,20,1,0,0,0
1,1,100,46,20,2,0,0,0
1,1,1,100,46,46,20,2,11
1,1,1,100,46,46,20,1,11
1,1,1,100,46,46,20,2,17
1,1,1,100,46,46,20,1,4
1,1,1,100,46,46,20,2,10
1,1,1,100,46,46,20,1,7
1,1,1,100,46,46,20,2,6
1,1,1,100,46,46,20,1,16
1,1,1,100,46,46,20,2,18
1,1,1,100,46,46,20,1,6
1,1,1,100,46,46,20,2,16
1,1,1,100,46,46,20,1,3
1,1,1,100,46,46,20,2,8
1,1,1,100,46,46,20,1,18
1,1,1,100,46,46,20,2,3
1,1,1,100,46,46,20,1,17
1,1,1,100,46,46,20,2,20
1,1,1,100,46,46,20,1,5
1,1,1,100,46,46,20,2,15
1,1,1,100,46,46,20,1,9
1,1,1,100,46,46,20,2,5
1,1,1,100,46,46,20,1,15
1,1,1,100,46,46,20,2,14
1,1,1,100,46,46,20,1,19
1,1,1,100,46,46,20,2,9
1,1,1,100,46,46,20,1,13
1,1,1,100,46,46,20,2,13
1,1,1,100,46,46,20,1,14
1,1,1,100,46,46,20,2,19
1,1,1,100,46,46,20,1,10
1,1,1,100,46,46,20,2,12
1,1,1,100,46,46,20,1,20
1,1,1,100,46,46,20,2,7
1,1,1,100,46,46,20,1,8
1,1,1,100,46,46,20,2,4
1,1,1,100,46,46,20,1,12
1,1,100,47,20,1,0,0,0
1,1,100,47,20,2,0,0,0
1,1,1,100,47,47,20,2,17
1,1,1,100,47,47,20,1,12
1,1,1,100,47,47,20,2,8
1,1,1,100,47,47,20,1,15
1,1,1,100,47,47,20,2,15
1,1,1,100,47,47,20,1,16
1,1,1,100,47,47,20,2,11
1,1,1,100,47,47,20,1,8
1,1,1,100,47,47,20,2,16
1,1,1,100,47,47,20,1,14
1,1,1,100,47,47,20,2,19
1,1,1,100,47,47,20,1,9
1,1,1,100,47,47,20,2,20
1,1,1,100,47,47,20,1,20
1,1,1,100,47,47,20,2,7
1,1,1,100,47,47,20,1,19
1,1,1,100,47,47,20,2,14
1,1,1,100,47,47,20,1,6
1,1,1,100,47,47,20,2,18
1,1,1,100,47,47,20,1,3
1,1,1,100,47,47,20,2,13
1,1,1,100,47,47,20,1,10
1,1,1,100,47,47,20,2,4
1,1,1,100,47,47,20,1,17
1,1,1,100,47,47,20,2,3
1,1,1,100,47,47,20,1,5
1,1,1,100,47,47,20,2,6
1,1,1,100,47,47,20,1,13
1,1,1,100,47,47,20,2,5
1,1,1,100,47,47,20,1,4
1,1,1,100,47,47,20,2,10
1,1,1,100,47,47,20,1,11
1,1,1,100,47,47,20,2,12
1,1,1,100,47,47,20,1,18
1,1,1,100,47,47,20,2,9
1,1,1,100,47,47,20,1,7
1,1,100,48,20,1,0,0,0
1,1,100,48,20,2,0,0,0
1,1,1,100,48,48,20,2,3
1,1,1,100,48,48,20,1,10
1,1,1,100,48,48,20,2,16
1,1,1,100,48,48,20,1,16
1,1,1,100,48,48,20,2,8
1,1,1,100,48,48,20,1,8
1,1,1,100,48,48,20,2,20
1,1,1,100,48,48,20,1,11
1,1,1,100,48,48,20,2,5
1,1,1,100,48,48,20,1,15
1,1,1,100,48,48,20,2,19
1,1,1,100,48,48,20,1,9
1,1,1,100,48,48,20,2,18
1,1,1,100,48,48,20,1,7
1,1,1,100,48,48,20,2,9
1,1,1,100,48,48,20,1,4
1,1,1,100,48,48,20,2,4
1,1,1,100,48,48,20,1,17
1,1,1,100,48,48,20,2,14
1,1,1,100,48,48,20,1,20
1,1,1,100,48,48,20,2,15
1,1,1,100,48,48,20,1,14
1,1,1,100,48,48,20,2,17
1,1,1,100,48,48,20,1,18
1,1,1,100,48,48,20,2,11
1,1,1,100,48,48,20,1,6
1,1,1,100,48,48,20,2,6
1,1,1,100,48,48,20,1,12
1,1,1,100,48,48,20,2,7
1,1,1,100,48,48,20,1,19
1,1,1,100,48,48,20,2,12
1,1,1,100,48,48,20,1,3
1,1,1,100,48,48,20,2,10
1,1,1,100,48,48,20,1,5
1,1,1,100,48,48,20,2,13
1,1,1,100,48,48,20,1,13
1,1,100,49,20,1,0,0,0
1,1,100,49,20,2,0,0,0
1,1,1,100,49,49,20,2,19
1,1,1,100,49,49,20,1,18
1,1,1,100,49,49,20,2,20
1,1,1,100,49,49,20,1,19
1,1,1,100,49,49,20,2,18
1,1,1,100,49,49,20,1,14
1,1,1,100,49,49,20,2,13
1,1,1,100,49,49,20,1,20
1,1,1,100,49,49,20,2,10
1,1,1,100,49,49,20,1,17
1,1,1,100,49,49,20,2,4
1,1,1,100,49,49,20,1,11
1,1,1,100,49,49,20,2,12
1,1,1,100,49,49,20,1,16
1,1,1,100,49,49,20,2,5
1,1,1,100,49,49,20,1,7
1,1,1,100,49,49,20,2,11
1,1,1,100,49,49,20,1,10
1,1,1,100,49,49,20,2,17
1,1,1,100,49,49,20,1,8
1,1,1,100,49,49,20,2,8
1,1,1,100,49,49,20,1,12
1,1,1,100,49,49,20,2,9
1,1,1,100,49,49,20,1,4
1,1,1,100,49,49,20,2,15
1,1,1,100,49,49,20,1,13
1,1,1,100,49,49,20,2,6
1,1,1,100,49,49,20,1,6
1,1,1,100,49,49,20,2,3
1,1,1,100,49,49,20,1,9
1,1,1,100,49,49,20,2,7
1,1,1,100,49,49,20,1,15
1,1,1,100,49,49,20,2,14
1,1,1,100,49,49,20,1,5
1,1,1,100,49,49,20,2,16
1,1,1,100,49,49,20,1,3
1,1,100,50,20,1,0,0,0
1,1,100,50,20,2,0,0,0
1,1,1,100,50,50,20,2,12
1,1,1,100,50,50,20,1,19
1,1,1,100,50,50,20,2,20
1,1,1,100,50,50,20,1,12
1,1,1,100,50,50,20,2,6
1,1,1,100,50,50,20,1,16
1,1,1,100,50,50,20,2,7
1,1,1,100,50,50,20,1,4
1,1,1,100,50,50,20,2,5
1,1,1,100,50,50,20,1,11
1,1,1,100,50,50,20,2,11
1,1,1,100,50,50,20,1,10
1,1,1,100,50,50,20,2,8
1,1,1,100,50,50,20,1,13
1,1,1,100,50,50,20,2,17
1,1,1,100,50,50,20,1,9
1,1,1,100,50,50,20,2,16
1,1,1,100,50,50,20,1,20
1,1,1,100,50,50,20,2,3
1,1,1,100,50,50,20,1,14
1,1,1,100,50,50,20,2,14
1,1,1,100,50,50,20,1,3
1,1,1,100,50,50,20,2,9
1,1,1,100,50,50,20,1,17
1,1,1,100,50,50,20,2,19
1,1,1,100,50,50,20,1,6
1,1,1,100,50,50,20,2,15
1,1,1,100,50,50,20,1,18
1,1,1,100,50,50,20,2,10
1,1,1,100,50,50,20,1,8
1,1,1,100,50,50,20,2,13
1,1,1,100,50,50,20,1,15
1,1,1,100,50,50,20,2,4
1,1,1,100,50,50,20,1,7
1,1,1,100,50,50,20,2,18
1,1,1,100,50,50,20,1,5
1,1,100,51,20,1,0,0,0
1,1,100,51,20,2,0,0,0
1,1,1,100,51,51,20,2,13
1,1,1,100,51,51,20,1,10
1,1,1,100,51,51,20,2,11
1,1,1,100,51,51,20,1,9
1,1,1,100,51,51,20,2,14
1,1,1,100,51,51,20,1,18
1,1,1,100,51,51,20,2,7
1,1,1,100,51,51,20,1,13
1,1,1,100,51,51,20,2,16
1,1,1,100,51,51,20,1,3
1,1,1,100,51,51,20,2,6
1,1,1,100,51,51,20,1,7
1,1,1,100,51,51,20,2,3
1,1,1,100,51,51,20,1,16
1,1,1,100,51,51,20,2,9
1,1,1,100,51,51,20,1,17
1,1,1,100,51,51,20,2,10
1,1,1,100,51,51,20,1,5
1,1,1,100,51,51,20,2,19
1,1,1,100,51,51,20,1,4
1,1,1,100,51,51,20,2,12
1,1,1,100,51,51,20,1,12
1,1,1,100,51,51,20,2,20
1,1,1,100,51,51,20,1,11
1,1,1,100,51,51,20,2,15
1,1,1,100,51,51,20,1,20
1,1,1,100,51,51,20,2,5
1,1,1,100,51,51,20,1,6
1,1,1,100,51,51,20,2,8
1,1,1,100,51,51,20,1,14
1,1,1,100,51,51,20,2,18
1,1,1,100,51,51,20,1,15
1,1,1,100,51,51,20,2,4
1,1,1,100,51,51,20,1,19
1,1,1,100,51,51,20,2,17
1,1,1,100,51,51,20,1,8
1,1,100,52,20,1,0,0,0
1,1,100,52,20,2,0,0,0
1,1,1,100,52,52,20,2,8
1,1,1,100,52,52,20,1,7
1,1,1,100,52,52,20,2,9
1,1,1,100,52,52,20,1,4
1,1,1,100,52,52,20,2,4
1,1,1,100,52,52,20,1,17
1,1,1,100,52,52,20,2,20
1,1,1,100,52,52,20,1,12
1,1,1,100,52,52,20,2,6
1,1,1,100,52,52,20,1,9
1,1,1,100,52,52,20,2,13
1,1,1,100,52,52,20,1,16
1,1,1,100,52,52,20,2,16
1,1,1,100,52,52,20,1,6
1,1,1,100,52,52,20,2,3
1,1,1,100,52,52,20,1,14
1,1,1,100,52,52,20,2,10
1,1,1,100,52,52,20,1,18
1,1,1,100,52,52,20,2,11
1,1,1,100,52,52,20,1,15
1,1,1,100,52,52,20,2,7
1,1,1,100,52,52,20,1,10
1,1,1,100,52,52,20,2,17
1,1,1,100,52,52,20,1,19
1,1,1,100,52,52,20,2,18
1,1,1,100,52,52,20,1,20
1,1,1,100,52,52,20,2,19
1,1,1,100,52,52,20,1,5
1,1,1,100,52,52,20,2,12
1,1,1,100,52,52,20,1,8
1,1,1,100,52,52,20,2,15
1,1,1,100,52,52,20,1,13
1,1,1,100,52,52,20,2,14
1,1,1,100,52,52,20,1,3
1,1,1,100,52,52,20,2,5
1,1,1,100,52,52,20,1,11
1,1,100,53,20,1,0,0,0
1,1,100,53,20,2,0,0,0
1,1,1,100,53,53,20,2,18
1,1,1,100,53,53,20,1,20
1,1,1,100,53,53,20,2,7
1,1,1,100,53,53,20,1,18
1,1,1,100,53,53,20,2,12
1,1,1,100,53,53,20,1,7
1,1,1,100,53,53,20,2,13
1,1,1,100,53,53,20,1,11
1,1,1,100,53,53,20,2,15
1,1,1,100,53,53,20,1,19
1,1,1,100,53,53,20,2,17
1,1,1,100,53,53,20,1,12
1,1,1,100,53,53,20,2,6
1,1,1,100,53,53,20,1,6
1,1,1,100,53,53,20,2,8
1,1,1,100,53,53,20,1,10
1,1,1,100,53,53,20,2,16
1,1,1,100,53,53,20,1,14
1,1,1,100,53,53,20,2,19
1,1,1,100,53,53,20,1,9
1,1,1,100,53,53,20,2,20
1,1,1,100,53,53,20,1,3
1,1,1,100,53,53,20,2,4
1,1,1,100,53,53,20,1,17
1,1,1,100,53,53,20,2,10
1,1,1,100,53,53,20,1,15
1,1,1,100,53,53,20,2,11
1,1,1,100,53,53,20,1,13
1,1,1,100,53,53,20,2,9
1,1,1,100,53,53,20,1,5
1,1,1,100,53,53,20,2,3
1,1,1,100,53,53,20,1,16
1,1,1,100,53,53,20,2,5
1,1,1,100,53,53,20,1,4
1,1,1,100,53,53,20,2,14
1,1,1,100,53,53,20,1,8
1,1,100,54,20,1,0,0,0
1,1,100,54,20,2,0,0,0
1,1,1,100,54,54,20,2,17
1,1,1,100,54,54,20,1,11
1,1,1,100,54,54,20,2,8
1,1,1,100,54,54,20,1,12
1,1,1,100,54,54,20,2,6
1,1,1,100,54,54,20,1,15
1,1,1,100,54,54,20,2,13
1,1,1,100,54,54,20,1,17
1,1,1,100,54,54,20,2,15
1,1,1,100,54,54,20,1,19
1,1,1,100,54,54,20,2,16
1,1,1,100,54,54,20,1,14
1,1,1,100,54,54,20,2,10
1,1,1,100,54,54,20,1,9
1,1,1,100,54,54,20,2,18
1,1,1,100,54,54,20,1,4
1,1,1,100,54,54,20,2,4
1,1,1,100,54,54,20,1,5
1,1,1,100,54,54,20,2,3
1,1,1,100,54,54,20,1,6
1,1,1,100,54,54,20,2,9
1,1,1,100,54,54,20,1,18
1,1,1,100,54,54,20,2,14
1,1,1,100,54,54,20,1,10
1,1,1,100,54,54,20,2,11
1,1,1,100,54,54,20,1,16
1,1,1,100,54,54,20,2,12
1,1,1,100,54,54,20,1,3
1,1,1,100,54,54,20,2,20
1,1,1,100,54,54,20,1,13
1,1,1,100,54,54,20,2,19
1,1,1,100,54,54,20,1,8
1,1,1,100,54,54,20,2,7
1,1,1,100,54,54,20,1,7
1,1,1,100,54,54,20,2,5
1,1,1,100,54,54,20,1,20
1,1,100,55,20,1,0,0,0
1,1,100,55,20,2,0,0,0
1,1,1,100,55,55,20,2,12
1,1,1,100,55,55,20,1,3
1,1,1,100,55,55,20,2,20
1,1,1,100,55,55,20,1,18
1,1,1,100,55,55,20,2,13
1,1,1,100,55,55,20,1,9
1,1,1,100,55,55,20,2,11
1,1,1,100,55,55,20,1,8
1,1,1,100,55,55,20,2,17
1,1,1,100,55,55,20,1,4
1,1,1,100,55,55,20,2,5
1,1,1,100,55,55,20,1,11
1,1,1,100,55,55,20,2,10
1,1,1,100,55,55,20,1,7
1,1,1,100,55,55,20,2,19
1,1,1,100,55,55,20,1,13
1,1,1,100,55,55,20,2,4
1,1,1,100,55,55,20,1,20
1,1,1,100,55,55,20,2,3
1,1,1,100,55,55,20,1,19
1,1,1,100,55,55,20,2,8
1,1,1,100,55,55,20,1,5
1,1,1,100,55,55,20,2,6
1,1,1,100,55,55,20,1,14
1,1,1,100,55,55,20,2,15
1,1,1,100,55,55,20,1,15
1,1,1,100,55,55,20,2,16
1,1,1,100,55,55,20,1,16
1,1,1,100,55,55,20,2,14
1,1,1,100,55,55,20,1,10
1,1,1,100,55,55,20,2,18
1,1,1,100,55,55,20,1,12
1,1,1,100,55,55,20,2,9
1,1,1,100,55,55,20,1,6
1,1,1,100,55,55,20,2,7
1,1,1,100,55,55,20,1,17
1,1,100,56,20,1,0,0,0
1,1,100,56,20,2,0,0,0
1,1,1,100,56,56,20,2,12
1,1,1,100,56,56,20,1,3
1,1,1,100,56,56,20,2,13
1,1,1,100,56,56,20,1,10
1,1,1,100,56,56,20,2,17
1,1,1,100,56,56,20,1,7
1,1,1,100,56,56,20,2,5
1,1,1,100,56,56,20,1,16
1,1,1,100,56,56,20,2,9
1,1,1,100,56,56,20,1,19
1,1,1,100,56,56,20,2,7
1,1,1,100,56,56,20,1,4
1,1,1,100,56,56,20,2,6
1,1,1,100,56,56,20,1,6
1,1,1,100,56,56,20,2,19
1,1,1,100,56,56,20,1,20
1,1,1,100,56,56,20,2,16
1,1,1,100,56,56,20,1,12
1,1,1,100,56,56,20,2,15
1,1,1,100,56,56,20,1,18
1,1,1,100,56,56,20,2,11
1,1,1,100,56,56,20,1,9
1,1,1,100,56,56,20,2,8
1,1,1,100,56,56,20,1,11
1,1,1,100,56,56,20,2,4
1,1,1,100,56,56,20,1,17
1,1,1,100,56,56,20,2,10
1,1,1,100,56,56,20,1,15
1,1,1,100,56,56,20,2,20
1,1,1,100,56,56,20,1,14
1,1,1,100,56,56,20,2,14
1,1,1,100,56,56,20,1,8
1,1,1,100,56,56,20,2,18
1,1,1,100,56,56,20,1,13
1,1,1,100,56,56,20,2,3
1,1,1,100,56,56,20,1,5
1,1,100,57,20,1,0,0,0
1,1,100,57,20,2,0,0,0
1,1,1,100,57,57,20,2,17
1,1,1,100,57,57,20,1,7
1,1,1,100,57,57,20,2,9
1,1,1,100,57,57,20,1,5
1,1,1,100,57,57,20,2,5
1,1,1,100,57,57,20,1,13
1,1,1,100,57,57,20,2,3
1,1,1,100,57,57,20,1,18
1,1,1,100,57,57,20,2,6
1,1,1,100,57,57,20,1,19
1,1,1,100,57,57,20,2,12
1,1,1,100,57,57,20,1,8
1,1,1,100,57,57,20,2,20
1,1,1,100,57,57,20,1,17
1,1,1,100,57,57,20,2,7
1,1,1,100,57,57,20,1,10
1,1,1,100,57,57,20,2,14
1,1,1,100,57,57,20,1,11
1,1,1,100,57,57,20,2,13
1,1,1,100,57,57,20,1,16
1,1,1,100,57,57,20,2,10
1,1,1,100,57,57,20,1,12
1,1,1,100,57,57,20,2,11
1,1,1,100,57,57,20,1,4
1,1,1,100,57,57,20,2,8
1,1,1,100,57,57,20,1,3
1,1,1,100,57,57,20,2,18
1,1,1,100,57,57,20,1,6
1,1,1,100,57,57,20,2,16
1,1,1,100,57,57,20,1,20
1,1,1,100,57,57,20,2,4
1,1,1,100,57,57,20,1,15
1,1,1,100,57,57,20,2,19
1,1,1,100,57,57,20,1,14
1,1,1,100,57,57,20,2,15
1,1,1,100,57,57,20,1,9
1,1,100,58,20,1,0,0,0
1,1,100,58,20,2,0,0,0
1,1,1,100,58,58,20,2,5
1,1,1,100,58,58,20,1,4
1,1,1,100,58,58,20,2,4
1,1,1,100,58,58,20,1,7
1,1,1,100,58,58,20,2,20
1,1,1,100,58,58,20,1,20
1,1,1,100,58,58,20,2,3
1,1,1,100,58,58,20,1,18
1,1,1,100,58,58,20,2,12
1,1,1,100,58,58,20,1,9
1,1,1,100,58,58,20,2,13
1,1,1,100,58,58,20,1,10
1,1,1,100,58,58,20,2,10
1,1,1,100,58,58,20,1,12
1,1,1,100,58,58,20,2,14
1,1,1,100,58,58,20,1,11
1,1,1,100,58,58,20,2,9
1,1,1,100,58,58,20,1,13
1,1,1,100,58,58,20,2,8
1,1,1,100,58,58,20,1,15
1,1,1,100,58,58,20,2,11
1,1,1,100,58,58,20,1,14
1,1,1,100,58,58,20,2,19
1,1,1,100,58,58,20,1,3
1,1,1,100,58,58,20,2,6
1,1,1,100,58,58,20,1,8
1,1,1,100,58,58,20,2,16
1,1,1,100,58,58,20,1,5
1,1,1,100,58,58,20,2,15
1,1,1,100,58,58,20,1,6
1,1,1,100,58,58,20,2,18
1,1,1,100,58,58,20,1,17
1,1,1,100,58,58,20,2,17
1,1,1,100,58,58,20,1,19
1,1,1,100,58,58,20,2,7
1,1,1,100,58,58,20,1,16
1,1,100,59,20,1,0,0,0
1,1,100,59,20,2,0,0,0
1,1,1,100,59,59,20,2,3
1,1,1,100,59,59,20,1,9
1,1,1,100,59,59,20,2,5
1,1,1,100,59,59,20,1,10
1,1,1,100,59,59,20,2,15
1,1,1,100,59,59,20,1,4
1,1,1,100,59,59,20,2,17
1,1,1,100,59,59,20,1,3
1,1,1,100,59,59,20,2,11
1,1,1,100,59,59,20,1,15
1,1,1,100,59,59,20,2,7
1,1,1,100,59,59,20,1,11
1,1,1,100,59,59,20,2,10
1,1,1,100,59,59,20,1,6
1,1,1,100,59,59,20,2,13
1,1,1,100,59,59,20,1,8
1,1,1,100,59,59,20,2,12
1,1,1,100,59,59,20,1,19
1,1,1,100,59,59,20,2,20
1,1,1,100,59,59,20,1,20
1,1,1,100,59,59,20,2,9
1,1,1,100,59,59,20,1,5
1,1,1,100,59,59,20,2,19
1,1,1,100,59,59,20,1,13
1,1,1,100,59,59,20,2,8
1,1,1,100,59,59,20,1,17
1,1,1,100,59,59,20,2,14
1,1,1,100,59,59,20,1,16
1,1,1,100,59,59,20,2,16
1,1,1,100,59,59,20,1,14
1,1,1,100,59,59,20,2,6
1,1,1,100,59,59,20,1,18
1,1,1,100,59,59,20,2,4
1,1,1,100,59,59,20,1,12
1,1,1,100,59,59,20,2,18
1,1,1,100,59,59,20,1,7
1,1,100,60,20,1,0,0,0
1,1,100,60,20,2,0,0,0
1,1,1,100,60,60,20,2,8
1,1,1,100,60,60,20,1,5
1,1,1,100,60,60,20,2,5
1,1,1,100,60,60,20,1,13
1,1,1,100,60,60,20,2,13
1,1,1,100,60,60,20,1,17
1,1,1,100,60,60,20,2,19
1,1,1,100,60,60,20,1,14
1,1,1,100,60,60,20,2,16
1,1,1,100,60,60,20,1,3
1,1,1,100,60,60,20,2,11
1,1,1,100,60,60,20,1,7
1,1,1,100,60,60,20,2,20
1,1,1,100,60,60,20,1,4
1,1,1,100,60,60,20,2,18
1,1,1,100,60,60,20,1,10
1,1,1,100,60,60,20,2,7
1,1,1,100,60,60,20,1,19
1,1,1,100,60,60,20,2,15
1,1,1,100,60,60,20,1,9
1,1,1,100,60,60,20,2,17
1,1,1,100,60,60,20,1,15
1,1,1,100,60,60,20,2,4
1,1,1,100,60,60,20,1,8
1,1,1,100,60,60,20,2,3
1,1,1,100,60,60,20,1,16
1,1,1,100,60,60,20,2,10
1,1,1,100,60,60,20,1,11
1,1,1,100,60,60,20,2,9
1,1,1,100,60,60,20,1,20
1,1,1,100,60,60,20,2,6
1,1,1,100,60,60,20,1,18
1,1,1,100,60,60,20,2,12
1,1,1,100,60,60,20,1,12
1,1,1,100,60,60,20,2,14
1,1,1,100,60,60,20,1,6
1,1,100,61,20,1,0,0,0
1,1,100,61,20,2,0,0,0
1,1,1,100,61,61,20,2,19
1,1,1,100,61,61,20,1,6
1,1,1,100,61,61,20,2,9
1,1,1,100,61,61,20,1,5
1,1,1,100,61,61,20,2,8
1,1,1,100,61,61,20,1,10
1,1,1,100,61,61,20,2,10
1,1,1,100,61,61,20,1,9
1,1,1,100,61,61,20,2,12
1,1,1,100,61,61,20,1,17
1,1,1,100,61,61,20,2,4
1,1,1,100,61,61,20,1,14
1,1,1,100,61,61,20,2,5
1,1,1,100,61,61,20,1,11
1,1,1,100,61,61,20,2,17
1,1,1,100,61,61,20,1,12
1,1,1,100,61,61,20,2,11
1,1,1,100,61,61,20,1,16
1,1,1,100,61,61,20,2,13
1,1,1,100,61,61,20,1,19
1,1,1,100,61,61,20,2,3
1,1,1,100,61,61,20,1,8
1,1,1,100,61,61,20,2,18
1,1,1,100,61,61,20,1,4
1,1,1,100,61,61,20,2,6
1,1,1,100,61,61,20,1,13
1,1,1,100,61,61,20,2,15
1,1,1,100,61,61,20,1,15
1,1,1,100,61,61,20,2,20
1,1,1,100,61,61,20,1,18
1,1,1,100,61,61,20,2,14
1,1,1,100,61,61,20,1,3
1,1,1,100,61,61,20,2,16
1,1,1,100,61,61,20,1,7
1,1,1,100,61,61,20,2,7
1,1,1,100,61,61,20,1,20
1,1,100,62,20,1,0,0,0
1,1,100,62,20,2,0,0,0
1,1,1,100,62,62,20,2,18
1,1,1,100,62,62,20,1,12
1,1,1,100,62,62,20,2,15
1,1,1,100,62,62,20,1,5
1,1,1,100,62,62,20,2,4
1,1,1,100,62,62,20,1,15
1,1,1,100,62,62,20,2,16
1,1,1,100,62,62,20,1,17
1,1,1,100,62,62,20,2,19
1,1,1,100,62,62,20,1,3
1,1,1,100,62,62,20,2,20
1,1,1,100,62,62,20,1,19
1,1,1,100,62,62,20,2,9
1,1,1,100,62,62,20,1,9
1,1,1,100,62,62,20,2,10
1,1,1,100,62,62,20,1,20
1,1,1,100,62,62,20,2,7
1,1,1,100,62,62,20,1,16
1,1,1,100,62,62,20,2,3
1,1,1,100,62,62,20,1,13
1,1,1,100,62,62,20,2,13
1,1,1,100,62,62,20,1,6
1,1,1,100,62,62,20,2,12
1,1,1,100,62,62,20,1,4
1,1,1,100,62,62,20,2,14
1,1,1,100,62,62,20,1,14
1,1,1,100,62,62,20,2,5
1,1,1,100,62,62,20,1,10
1,1,1,100,62,62,20,2,17
1,1,1,100,62,62,20,1,7
1,1,1,100,62,62,20,2,8
1,1,1,100,62,62,20,1,18
1,1,1,100,62,62,20,2,11
1,1,1,100,62,62,20,1,11
1,1,1,100,62,62,20,2,6
1,1,1,100,62,62,20,1,8
1,1,100,63,20,1,0,0,0
1,1,100,63,20,2,0,0,0
1,1,1,100,63,63,20,2,5
1,1,1,100,63,63,20,1,14
1,1,1,100,63,63,20,2,12
1,1,1,100,63,63,20,1,3
1,1,1,100,63,63,20,2,13
1,1,1,100,63,63,20,1,13
1,1,1,100,63,63,20,2,19
1,1,1,100,63,63,20,1,6
1,1,1,100,63,63,20,2,10
1,1,1,100,63,63,20,1,15
1,1,1,100,63,63,20,2,16
1,1,1,100,63,63,20,1,8
1,1,1,100,63,63,20,2,15
1,1,1,100,63,63,20,1,9
1,1,1,100,63,63,20,2,7
1,1,1,100,63,63,20,1,10
1,1,1,100,63,63,20,2,8
1,1,1,100,63,63,20,1,16
1,1,1,100,63,63,20,2,3
1,1,1,100,63,63,20,1,19
1,1,1,100,63,63,20,2,11
1,1,1,100,63,63,20,1,18
1,1,1,100,63,63,20,2,14
1,1,1,100,63,63,20,1,11
1,1,1,100,63,63,20,2,9
1,1,1,100,63,63,20,1,5
1,1,1,100,63,63,20,2,6
1,1,1,100,63,63,20,1,20
1,1,1,100,63,63,20,2,18
1,1,1,100,63,63,20,1,12
1,1,1,100,63,63,20,2,20
1,1,1,100,63,63,20,1,4
1,1,1,100,63,63,20,2,4
1,1,1,100,63,63,20,1,17
1,1,1,100,63,63,20,2,17
1,1,1,100,63,63,20,1,7
1,1,100,64,20,1,0,0,0
1,1,100,64,20,2,0,0,0
1,1,1,100,64,64,20,2,15
1,1,1,100,64,64,20,1,17
1,1,1,100,64,64,20,2,9
1,1,1,100,64,64,20,1,3
1,1,1,100,64,64,20,2,10
1,1,1,100,64,64,20,1,15
1,1,1,100,64,64,20,2,18
1,1,1,100,64,64,20,1,13
1,1,1,100,64,64,20,2,11
1,1,1,100,64,64,20,1,20
1,1,1,100,64,64,20,2,16
1,1,1,100,64,64,20,1,5
1,1,1,100,64,64,20,2,20
1,1,1,100,64,64,20,1,8
1,1,1,100,64,64,20,2,5
1,1,1,100,64,64,20,1,14
1,1,1,100,64,64,20,2,7
1,1,1,100,64,64,20,1,6
1,1,1,100,64,64,20,2,4
1,1,1,100,64,64,20,1,11
1,1,1,100,64,64,20,2,14
1,1,1,100,64,64,20,1,9
1,1,1,100,64,64,20,2,3
1,1,1,100,64,64,20,1,18
1,1,1,100,64,64,20,2,8
1,1,1,100,64,64,20,1,4
1,1,1,100,64,64,20,2,13
1,1,1,100,64,64,20,1,12
1,1,1,100,64,64,20,2,6
1,1,1,100,64,64,20,1,19
1,1,1,100,64,64,20,2,17
1,1,1,100,64,64,20,1,10
1,1,1,100,64,64,20,2,19
1,1,1,100,64,64,20,1,16
1,1,1,100,64,64,20,2,12
1,1,1,100,64,64,20,1,7
1,1,100,65,20,1,0,0,0
1,1,100,65,20,2,0,0,0
1,1,1,100,65,65,20,2,7
1,1,1,100,65,65,20,1,18
1,1,1,100,65,65,20,2,12
1,1,1,100,65,65,20,1,10
1,1,1,100,65,65,20,2,6
1,1,1,100,65,65,20,1,12
1,1,1,100,65,65,20,2,3
1,1,1,100,65,65,20,1,20
1,1,1,100,65,65,20,2,20
1,1,1,100,65,65,20,1,9
1,1,1,100,65,65,20,2,16
1,1,1,100,65,65,20,1,4
1,1,1,100,65,65,20,2,9
1,1,1,100,65,65,20,1,14
1,1,1,100,65,65,20,2,19
1,1,1,100,65,65,20,1,17
1,1,1,100,65,65,20,2,4
1,1,1,100,65,65,20,1,16
1,1,1,100,65,65,20,2,15
1,1,1,100,65,65,20,1,13
1,1,1,100,65,65,20,2,17
1,1,1,100,65,65,20,1,5
1,1,1,100,65,65,20,2,5
1,1,1,100,65,65,20,1,15
1,1,1,100,65,65,20,2,18
1,1,1,100,65,65,20,1,3
1,1,1,100,65,65,20,2,10
1,1,1,100,65,65,20,1,11
1,1,1,100,65,65,20,2,13
1,1,1,100,65,65,20,1,19
1,1,1,100,65,65,20,2,14
1,1,1,100,65,65,20,1,6
1,1,1,100,65,65,20,2,8
1,1,1,100,65,65,20,1,8
1,1,1,100,65,65,20,2,11
1,1,1,100,65,65,20,1,7
1,1,100,66,20,1,0,0,0
1,1,100,66,20,2,0,0,0
1,1,1,100,66,66,20,2,6
1,1,1,100,66,66,20,1,10
1,1,1,100,66,66,20,2,5
1,1,1,100,66,66,20,1,12
1,1,1,100,66,66,20,2,20
1,1,1,100,66,66,20,1,8
1,1,1,100,66,66,20,2,8
1,1,1,100,66,66,20,1,9
1,1,1,100,66,66,20,2,17
1,1,1,100,66,66,20,1,6
1,1,1,100,66,66,20,2,10
1,1,1,100,66,66,20,1,15
1,1,1,100,66,66,20,2,4
1,1,1,100,66,66,20,1,5
1,1,1,100,66,66,20,2,18
1,1,1,100,66,66,20,1,16
1,1,1,100,66,66,20,2,9
1,1,1,100,66,66,20,1,14
1,1,1,100,66,66,20,2,16
1,1,1,100,66,66,20,1,11
1,1,1,100,66,66,20,2,3
1,1,1,100,66,66,20,1,17
1,1,1,100,66,66,20,2,7
1,1,1,100,66,66,20,1,20
1,1,1,100,66,66,20,2,19
1,1,1,100,66,66,20,1,19
1,1,1,100,66,66,20,2,15
1,1,1,100,66,66,20,1,18
1,1,1,100,66,66,20,2,12
1,1,1,100,66,66,20,1,7
1,1,1,100,66,66,20,2,13
1,1,1,100,66,66,20,1,3
1,1,1,100,66,66,20,2,14
1,1,1,100,66,66,20,1,4
1,1,1,100,66,66,20,2,11
1,1,1,100,66,66,20,1,13
1,1,100,67,20,1,0,0,0
1,1,100,67,20,2,0,0,0
1,1,1,100,67,67,20,2,20
1,1,1,100,67,67,20,1,18
1,1,1,100,67,67,20,2,3
1,1,1,100,67,67,20,1,9
1,1,1,100,67,67,20,2,16
1,1,1,100,67,67,20,1,14
1,1,1,100,67,67,20,2,17
1,1,1,100,67,67,20,1,10
1,1,1,100,67,67,20,2,7
1,1,1,100,67,67,20,1,20
1,1,1,100,67,67,20,2,15
1,1,1,100,67,67,20,1,19
1,1,1,100,67,67,20,2,14
1,1,1,100,67,67,20,1,4
1,1,1,100,67,67,20,2,9
1,1,1,100,67,67,20,1,17
1,1,1,100,67,67,20,2,12
1,1,1,100,67,67,20,1,16
1,1,1,100,67,67,20,2,19
1,1,1,100,67,67,20,1,15
1,1,1,100,67,67,20,2,5
1,1,1,100,67,67,20,1,6
1,1,1,100,67,67,20,2,13
1,1,1,100,67,67,20,1,7
1,1,1,100,67,67,20,2,10
1,1,1,100,67,67,20,1,3
1,1,1,100,67,67,20,2,18
1,1,1,100,67,67,20,1,11
1,1,1,100,67,67,20,2,11
1,1,1,100,67,67,20,1,5
1,1,1,100,67,67,20,2,4
1,1,1,100,67,67,20,1,13
1,1,1,100,67,67,20,2,6
1,1,1,100,67,67,20,1,12
1,1,1,100,67,67,20,2,8
1,1,1,100,67,67,20,1,8
1,1,100,68,20,1,0,0,0
1,1,100,68,20,2,0,0,0
1,1,1,100,68,68,20,2,8
1,1,1,100,68,68,20,1,12
1,1,1,100,68,68,20,2,9
1,1,1,100,68,68,20,1,8
1,1,1,100,68,68,20,2,15
1,1,1,100,68,68,20,1,4
1,1,1,100,68,68,20,2,17
1,1,1,100,68,68,20,1,3
1,1,1,100,68,68,20,2,7
1,1,1,100,68,68,20,1,18
1,1,1,100,68,68,20,2,11
1,1,1,100,68,68,20,1,10
1,1,1,100,68,68,20,2,14
1,1,1,100,68,68,20,1,16
1,1,1,100,68,68,20,2,18
1,1,1,100,68,68,20,1,13
1,1,1,100,68,68,20,2,3
1,1,1,100,68,68,20,1,14
1,1,1,100,68,68,20,2,6
1,1,1,100,68,68,20,1,6
1,1,1,100,68,68,20,2,10
1,1,1,100,68,68,20,1,20
1,1,1,100,68,68,20,2,12
1,1,1,100,68,68,20,1,19
1,1,1,100,68,68,20,2,13
1,1,1,100,68,68,20,1,5
1,1,1,100,68,68,20,2,16
1,1,1,100,68,68,20,1,7
1,1,1,100,68,68,20,2,19
1,1,1,100,68,68,20,1,9
1,1,1,100,68,68,20,2,4
1,1,1,100,68,68,20,1,11
1,1,1,100,68,68,20,2,5
1,1,1,100,68,68,20,1,15
1,1,1,100,68,68,20,2,20
1,1,1,100,68,68,20,1,17
1,1,100,69,20,1,0,0,0
1,1,100,69,20,2,0,0,0
1,1,1,100,69,69,20,2,10
1,1,1,100,69,69,20,1,5
1,1,1,100,69,69,20,2,12
1,1,1,100,69,69,20,1,14
1,1,1,100,69,69,20,2,8
1,1,1,100,69,69,20,1,7
1,1,1,100,69,69,20,2,14
1,1,1,100,69,69,20,1,18
1,1,1,100,69,69,20,2,3
1,1,1,100,69,69,20,1,9
1,1,1,100,69,69,20,2,19
1,1,1,100,69,69,20,1,4
1,1,1,100,69,69,20,2,13
1,1,1,100,69,69,20,1,11
1,1,1,100,69,69,20,2,9
1,1,1,100,69,69,20,1,6
1,1,1,100,69,69,20,2,17
1,1,1,100,69,69,20,1,10
1,1,1,100,69,69,20,2,4
1,1,1,100,69,69,20,1,17
1,1,1,100,69,69,20,2,15
1,1,1,100,69,69,20,1,8
1,1,1,100,69,69,20,2,20
1,1,1,100,69,69,20,1,12
1,1,1,100,69,69,20,2,16
1,1,1,100,69,69,20,1,3
1,1,1,100,69,69,20,2,18
1,1,1,100,69,69,20,1,15
1,1,1,100,69,69,20,2,11
1,1,1,100,69,69,20,1,20
1,1,1,100,69,69,20,2,7
1,1,1,100,69,69,20,1,13
1,1,1,100,69,69,20,2,6
1,1,1,100,69,69,20,1,16
1,1,1,100,69,69,20,2,5
1,1,1,100,69,69,20,1,19
1,1,100,70,20,1,0,0,0
1,1,100,70,20,2,0,0,0
1,1,1,100,70,70,20,2,17
1,1,1,100,70,70,20,1,17
1,1,1,100,70,70,20,2,11
1,1,1,100,70,70,20,1,6
1,1,1,100,70,70,20,2,16
1,1,1,100,70,70,20,1,13
1,1,1,100,70,70,20,2,3
1,1,1,100,70,70,20,1,11
1,1,1,100,70,70,20,2,12
1,1,1,100,70,70,20,1,7
1,1,1,100,70,70,20,2,7
1,1,1,100,70,70,20,1,9
1,1,1,100,70,70,20,2,19
1,1,1,100,70,70,20,1,10
1,1,1,100,70,70,20,2,14
1,1,1,100,70,70,20,1,4
1,1,1,100,70,70,20,2,13
1,1,1,100,70,70,20,1,16
1,1,1,100,70,70,20,2,9
1,1,1,100,70,70,20,1,5
1,1,1,100,70,70,20,2,18
1,1,1,100,70,70,20,1,19
1,1,1,100,70,70,20,2,6
1,1,1,100,70,70,20,1,15
1,1,1,100,70,70,20,2,10
1,1,1,100,70,70,20,1,20
1,1,1,100,70,70,20,2,5
1,1,1,100,70,70,20,1,14
1,1,1,100,70,70,20,2,15
1,1,1,100,70,70,20,1,8
1,1,1,100,70,70,20,2,8
1,1,1,100,70,70,20,1,18
1,1,1,100,70,70,20,2,20
1,1,1,100,70,70,20,1,3
1,1,1,100,70,70,20,2,4
1,1,1,100,70,70,20,1,12
1,1,100,71,20,1,0,0,0
1,1,100,71,20,2,0,0,0
1,1,1,100,71,71,20,2,11
1,1,1,100,71,71,20,1,7
1,1,1,100,71,71,20,2,6
1,1,1,100,71,71,20,1,6
1,1,1,100,71,71,20,2,8
1,1,1,100,71,71,20,1,5
1,1,1,100,71,71,20,2,13
1,1,1,100,71,71,20,1,14
1,1,1,100,71,71,20,2,4
1,1,1,100,71,71,20,1,8
1,1,1,100,71,71,20,2,12
1,1,1,100,71,71,20,1,19
1,1,1,100,71,71,20,2,15
1,1,1,100,71,71,20,1,13
1,1,1,100,71,71,20,2,18
1,1,1,100,71,71,20,1,9
1,1,1,100,71,71,20,2,10
1,1,1,100,71,71,20,1,11
1,1,1,100,71,71,20,2,3
1,1,1,100,71,71,20,1,4
1,1,1,100,71,71,20,2,17
1,1,1,100,71,71,20,1,18
1,1,1,100,71,71,20,2,19
1,1,1,100,71,71,20,1,3
1,1,1,100,71,71,20,2,20
1,1,1,100,71,71,20,1,15
1,1,1,100,71,71,20,2,5
1,1,1,100,71,71,20,1,10
1,1,1,100,71,71,20,2,16
1,1,1,100,71,71,20,1,20
1,1,1,100,71,71,20,2,9
1,1,1,100,71,71,20,1,12
1,1,1,100,71,71,20,2,7
1,1,1,100,71,71,20,1,17
1,1,1,100,71,71,20,2,14
1,1,1,100,71,71,20,1,16
1,1,100,72,20,1,0,0,0
1,1,100,72,20,2,0,0,0
1,1,1,100,72,72,20,2,15
1,1,1,100,72,72,20,1,15
1,1,1,100,72,72,20,2,4
1,1,1,100,72,72,20,1,6
1,1,1,100,72,72,20,2,5
1,1,1,100,72,72,20,1,8
1,1,1,100,72,72,20,2,19
1,1,1,100,72,72,20,1,5
1,1,1,100,72,72,20,2,10
1,1,1,100,72,72,20,1,18
1,1,1,100,72,72,20,2,7
1,1,1,100,72,72,20,1,20
1,1,1,100,72,72,20,2,14
1,1,1,100,72,72,20,1,19
1,1,1,100,72,72,20,2,18
1,1,1,100,72,72,20,1,11
1,1,1,100,72,72,20,2,11
1,1,1,100,72,72,20,1,13
1,1,1,100,72,72,20,2,6
1,1,1,100,72,72,20,1,16
1,1,1,100,72,72,20,2,12
1,1,1,100,72,72,20,1,9
1,1,1,100,72,72,20,2,20
1,1,1,100,72,72,20,1,4
1,1,1,100,72,72,20,2,9
1,1,1,100,72,72,20,1,17
1,1,1,100,72,72,20,2,8
1,1,1,100,72,72,20,1,7
1,1,1,100,72,72,20,2,16
1,1,1,100,72,72,20,1,14
1,1,1,100,72,72,20,2,3
1,1,1,100,72,72,20,1,3
1,1,1,100,72,72,20,2,13
1,1,1,100,72,72,20,1,12
1,1,1,100,72,72,20,2,17
1,1,1,100,72,72,20,1,10
1,1,100,73,20,1,0,0,0
1,1,100,73,20,2,0,0,0
1,1,1,100,73,73,20,2,8
1,1,1,100,73,73,20,1,6
1,1,1,100,73,73,20,2,13
1,1,1,100,73,73,20,1,12
1,1,1,100,73,73,20,2,19
1,1,1,100,73,73,20,1,3
1,1,1,100,73,73,20,2,7
1,1,1,100,73,73,20,1,15
1,1,1,100,73,73,20,2,17
1,1,1,100,73,73,20,1,17
1,1,1,100,73,73,20,2,11
1,1,1,100,73,73,20,1,20
1,1,1,100,73,73,20,2,9
1,1,1,100,73,73,20,1,18
1,1,1,100,73,73,20,2,16
1,1,1,100,73,73,20,1,8
1,1,1,100,73,73,20,2,5
1,1,1,100,73,73,20,1,9
1,1,1,100,73,73,20,2,20
1,1,1,100,73,73,20,1,10
1,1,1,100,73,73,20,2,14
1,1,1,100,73,73,20,1,5
1,1,1,100,73,73,20,2,12
1,1,1,100,73,73,20,1,13
1,1,1,100,73,73,20,2,10
1,1,1,100,73,73,20,1,14
1,1,1,100,73,73,20,2,4
1,1,1,100,73,73,20,1,11
1,1,1,100,73,73,20,2,6
1,1,1,100,73,73,20,1,16
1,1,1,100,73,73,20,2,3
1,1,1,100,73,73,20,1,19
1,1,1,100,73,73,20,2,15
1,1,1,100,73,73,20,1,7
1,1,1,100,73,73,20,2,18
1,1,1,100,73,73,20,1,4
1,1,100,74,20,1,0,0,0
1,1,100,74,20,2,0,0,0
1,1,1,100,74,74,20,2,20
1,1,1,100,74,74,20,1,17
1,1,1,100,74,74,20,2,6
1,1,1,100,74,74,20,1,15
1,1,1,100,74,74,20,2,3
1,1,1,100,74,74,20,1,16
1,1,1,100,74,74,20,2,16
1,1,1,100,74,74,20,1,20
1,1,1,100,74,74,20,2,13
1,1,1,100,74,74,20,1,11
1,1,1,100,74,74,20,2,14
1,1,1,100,74,74,20,1,7
1,1,1,100,74,74,20,2,17
1,1,1,100,74,74,20,1,3
1,1,1,100,74,74,20,2,7
1,1,1,100,74,74,20,1,19
1,1,1,100,74,74,20,2,18
1,1,1,100,74,74,20,1,18
1,1,1,100,74,74,20,2,12
1,1,1,100,74,74,20,1,5
1,1,1,100,74,74,20,2,11
1,1,1,100,74,74,20,1,6
1,1,1,100,74,74,20,2,19
1,1,1,100,74,74,20,1,8
1,1,1,100,74,74,20,2,10
1,1,1,100,74,74,20,1,12
1,1,1,100,74,74,20,2,8
1,1,1,100,74,74,20,1,10
1,1,1,100,74,74,20,2,5
1,1,1,100,74,74,20,1,4
1,1,1,100,74,74,20,2,4
1,1,1,100,74,74,20,1,13
1,1,1,100,74,74,20,2,15
1,1,1,100,74,74,20,1,9
1,1,1,100,74,74,20,2,9
1,1,1,100,74,74,20,1,14
1,1,100,75,20,1,0,0,0
1,1,100,75,20,2,0,0,0
1,1,1,100,75,75,20,2,6
1,1,1,100,75,75,20,1,11
1,1,1,100,75,75,20,2,17
1,1,1,100,75,75,20,1,12
1,1,1,100,75,75,20,2,5
1,1,1,100,75,75,20,1,17
1,1,1,100,75,75,20,2,12
1,1,1,100,75,75,20,1,15
1,1,1,100,75,75,20,2,11
1,1,1,100,75,75,20,1,18
1,1,1,100,75,75,20,2,19
1,1,1,100,75,75,20,1,20
1,1,1,100,75,75,20,2,18
1,1,1,100,75,75,20,1,6
1,1,1,100,75,75,20,2,8
1,1,1,100,75,75,20,1,13
1,1,1,100,75,75,20,2,3
1,1,1,100,75,75,20,1,19
1,1,1,100,75,75,20,2,13
1,1,1,100,75,75,20,1,4
1,1,1,100,75,75,20,2,9
1,1,1,100,75,75,20,1,3
1,1,1,100,75,75,20,2,14
1,1,1,100,75,75,20,1,14
1,1,1,100,75,75,20,2,15
1,1,1,100,75,75,20,1,10
1,1,1,100,75,75,20,2,16
1,1,1,100,75,75,20,1,5
1,1,1,100,75,75,20,2,20
1,1,1,100,75,75,20,1,9
1,1,1,100,75,75,20,2,4
1,1,1,100,75,75,20,1,16
1,1,1,100,75,75,20,2,7
1,1,1,100,75,75,20,1,8
1,1,1,100,75,75,20,2,10
1,1,1,100,75,75,20,1,7
1,1,100,76,20,1,0,0,0
1,1,100,76,20,2,0,0,0
1,1,1,100,76,76,20,2,6
1,1,1,100,76,76,20,1,4
1,1,1,100,76,76,20,2,19
1,1,1,100,76,76,20,1,12
1,1,1,100,76,76,20,2,17
1,1,1,100,76,76,20,1,16
1,1,1,100,76,76,20,2,12
1,1,1,100,76,76,20,1,8
1,1,1,100,76,76,20,2,16
1,1,1,100,76,76,20,1,9
1,1,1,100,76,76,20,2,13
1,1,1,100,76,76,20,1,18
1,1,1,100,76,76,20,2,15
1,1,1,100,76,76,20,1,6
1,1,1,100,76,76,20,2,4
1,1,1,100,76,76,20,1,10
1,1,1,100,76,76,20,2,11
1,1,1,100,76,76,20,1,15
1,1,1,100,76,76,20,2,10
1,1,1,100,76,76,20,1,7
1,1,1,100,76,76,20,2,8
1,1,1,100,76,76,20,1,11
1,1,1,100,76,76,20,2,5
1,1,1,100,76,76,20,1,13
1,1,1,100,76,76,20,2,7
1,1,1,100,76,76,20,1,17
1,1,1,100,76,76,20,2,18
1,1,1,100,76,76,20,1,19
1,1,1,100,76,76,20,2,3
1,1,1,100,76,76,20,1,5
1,1,1,100,76,76,20,2,20
1,1,1,100,76,76,20,1,20
1,1,1,100,76,76,20,2,14
1,1,1,100,76,76,20,1,3
1,1,1,100,76,76,20,2,9
1,1,1,100,76,76,20,1,14
1,1,100,77,20,1,0,0,0
1,1,100,77,20,2,0,0,0
1,1,1,100,77,77,20,2,6
1,1,1,100,77,77,20,1,7
1,1,1,100,77,77,20,2,8
1,1,1,100,77,77,20,1,17
1,1,1,100,77,77,20,2,16
1,1,1,100,77,77,20,1,16
1,1,1,100,77,77,20,2,14
1,1,1,100,77,77,20,1,10
1,1,1,100,77,77,20,2,20
1,1,1,100,77,77,20,1,13
1,1,1,100,77,77,20,2,12
1,1,1,100,77,77,20,1,19
1,1,1,100,77,77,20,2,5
1,1,1,100,77,77,20,1,12
1,1,1,100,77,77,20,2,3
1,1,1,100,77,77,20,1,14
1,1,1,100,77,77,20,2,4
1,1,1,100,77,77,20,1,20
1,1,1,100,77,77,20,2,15
1,1,1,100,77,77,20,1,11
1,1,1,100,77,77,20,2,18
1,1,1,100,77,77,20,1,15
1,1,1,100,77,77,20,2,10
1,1,1,100,77,77,20,1,6
1,1,1,100,77,77,20,2,17
1,1,1,100,77,77,20,1,9
1,1,1,100,77,77,20,2,19
1,1,1,100,77,77,20,1,8
1,1,1,100,77,77,20,2,7
1,1,1,100,77,77,20,1,18
1,1,1,100,77,77,20,2,11
1,1,1,100,77,77,20,1,4
1,1,1,100,77,77,20,2,13
1,1,1,100,77,77,20,1,5
1,1,1,100,77,77,20,2,9
1,1,1,100,77,77,20,1,3
1,1,100,78,20,1,0,0,0
1,1,100,78,20,2,0,0,0
1,1,1,100,78,78,20,2,13
1,1,1,100,78,78,20,1,5
1,1,1,100,78,78,20,2,16
1,1,1,100,78,78,20,1,17
1,1,1,100,78,78,20,2,5
1,1,1,100,78,78,20,1,16
1,1,1,100,78,78,20,2,15
1,1,1,100,78,78,20,1,13
1,1,1,100,78,78,20,2,10
1,1,1,100,78,78,20,1,7
1,1,1,100,78,78,20,2,19
1,1,1,100,78,78,20,1,6
1,1,1,100,78,78,20,2,17
1,1,1,100,78,78,20,1,12
1,1,1,100,78,78,20,2,4
1,1,1,100,78,78,20,1,18
1,1,1,100,78,78,20,2,20
1,1,1,100,78,78,20,1,9
1,1,1,100,78,78,20,2,11
1,1,1,100,78,78,20,1,3
1,1,1,100,78,78,20,2,14
1,1,1,100,78,78,20,1,8
1,1,1,100,78,78,20,2,18
1,1,1,100,78,78,20,1,11
1,1,1,100,78,78,20,2,6
1,1,1,100,78,78,20,1,15
1,1,1,100,78,78,20,2,8
1,1,1,100,78,78,20,1,19
1,1,1,100,78,78,20,2,7
1,1,1,100,78,78,20,1,20
1,1,1,100,78,78,20,2,9
1,1,1,100,78,78,20,1,4
1,1,1,100,78,78,20,2,3
1,1,1,100,78,78,20,1,10
1,1,1,100,78,78,20,2,12
1,1,1,100,78,78,20,1,14
1,1,100,79,20,1,0,0,0
1,1,100,79,20,2,0,0,0
1,1,1,100,79,79,20,2,10
1,1,1,100,79,79,20,1,15
1,1,1,100,79,79,20,2,18
1,1,1,100,79,79,20,1,20
1,1,1,100,79,79,20,2,13
1,1,1,100,79,79,20,1,6
1,1,1,100,79,79,20,2,5
1,1,1,100,79,79,20,1,9
1,1,1,100,79,79,20,2,19
1,1,1,100,79,79,20,1,19
1,1,1,100,79,79,20,2,17
1,1,1,100,79,79,20,1,12
1,1,1,100,79,79,20,2,6
1,1,1,100,79,79,20,1,4
1,1,1,100,79,79,20,2,11
1,1,1,100,79,79,20,1,5
1,1,1,100,79,79,20,2,9
1,1,1,100,79,79,20,1,11
1,1,1,100,79,79,20,2,16
1,1,1,100,79,79,20,1,7
1,1,1,100,79,79,20,2,14
1,1,1,100,79,79,20,1,14
1,1,1,100,79,79,20,2,4
1,1,1,100,79,79,20,1,18
1,1,1,100,79,79,20,2,3
1,1,1,100,79,79,20,1,8
1,1,1,100,79,79,20,2,20
1,1,1,100,79,79,20,1,10
1,1,1,100,79,79,20,2,15
1,1,1,100,79,79,20,1,13
1,1,1,100,79,79,20,2,7
1,1,1,100,79,79,20,1,3
1,1,1,100,79,79,20,2,12
1,1,1,100,79,79,20,1,16
1,1,1,100,79,79,20,2,8
1,1,1,100,79,79,20,1,17
1,1,100,80,20,1,0,0,0
1,1,100,80,20,2,0,0,0
1,1,1,100,80,80,20,2,18
1,1,1,100,80,80,20,1,3
1,1,1,100,80,80,20,2,16
1,1,1,100,80,80,20,1,6
1,1,1,100,80,80,20,2,15
1,1,1,100,80,80,20,1,15
1,1,1,100,80,80,20,2,19
1,1,1,100,80,80,20,1,19
1,1,1,100,80,80,20,2,11
1,1,1,100,80,80,20,1,7
1,1,1,100,80,80,20,2,6
1,1,1,100,80,80,20,1,5
1,1,1,100,80,80,20,2,5
1,1,1,100,80,80,20,1,16
1,1,1,100,80,80,20,2,3
1,1,1,100,80,80,20,1,12
1,1,1,100,80,80,20,2,10
1,1,1,100,80,80,20,1,4
1,1,1,100,80,80,20,2,13
1,1,1,100,80,80,20,1,20
1,1,1,100,80,80,20,2,9
1,1,1,100,80,80,20,1,13
1,1,1,100,80,80,20,2,7
1,1,1,100,80,80,20,1,11
1,1,1,100,80,80,20,2,17
1,1,1,100,80,80,20,1,10
1,1,1,100,80,80,20,2,20
1,1,1,100,80,80,20,1,9
1,1,1,100,80,80,20,2,4
1,1,1,100,80,80,20,1,8
1,1,1,100,80,80,20,2,14
1,1,1,100,80,80,20,1,18
1,1,1,100,80,80,20,2,12
1,1,1,100,80,80,20,1,14
1,1,1,100,80,80,20,2,8
1,1,1,100,80,80,20,1,17
1,1,100,81,20,1,0,0,0
1,1,100,81,20,2,0,0,0
1,1,1,100,81,81,20,2,10
1,1,1,100,81,81,20,1,17
1,1,1,100,81,81,20,2,12
1,1,1,100,81,81,20,1,9
1,1,1,100,81,81,20,2,3
1,1,1,100,81,81,20,1,20
1,1,1,100,81,81,20,2,13
1,1,1,100,81,81,20,1,10
1,1,1,100,81,81,20,2,9
1,1,1,100,81,81,20,1,15
1,1,1,100,81,81,20,2,8
1,1,1,100,81,81,20,1,13
1,1,1,100,81,81,20,2,5
1,1,1,100,81,81,20,1,14
1,1,1,100,81,81,20,2,15
1,1,1,100,81,81,20,1,6
1,1,1,100,81,81,20,2,4
1,1,1,100,81,81,20,1,11
1,1,1,100,81,81,20,2,17
1,1,1,100,81,81,20,1,18
1,1,1,100,81,81,20,2,6
1,1,1,100,81,81,20,1,16
1,1,1,100,81,81,20,2,20
1,1,1,100,81,81,20,1,5
1,1,1,100,81,81,20,2,18
1,1,1,100,81,81,20,1,7
1,1,1,100,81,81,20,2,16
1,1,1,100,81,81,20,1,3
1,1,1,100,81,81,20,2,19
1,1,1,100,81,81,20,1,8
1,1,1,100,81,81,20,2,7
1,1,1,100,81,81,20,1,12
1,1,1,100,81,81,20,2,11
1,1,1,100,81,81,20,1,19
1,1,1,100,81,81,20,2,14
1,1,1,100,81,81,20,1,4
1,1,100,82,20,1,0,0,0
1,1,100,82,20,2,0,0,0
1,1,1,100,82,82,20,2,20
1,1,1,100,82,82,20,1,3
1,1,1,100,82,82,20,2,17
1,1,1,100,82,82,20,1,9
1,1,1,100,82,82,20,2,9
1,1,1,100,82,82,20,1,8
1,1,1,100,82,82,20,2,10
1,1,1,100,82,82,20,1,16
1,1,1,100,82,82,20,2,13
1,1,1,100,82,82,20,1,12
1,1,1,100,82,82,20,2,4
1,1,1,100,82,82,20,1,6
1,1,1,100,82,82,20,2,12
1,1,1,100,82,82,20,1,20
1,1,1,100,82,82,20,2,18
1,1,1,100,82,82,20,1,10
1,1,1,100,82,82,20,2,14
1,1,1,100,82,82,20,1,11
1,1,1,100,82,82,20,2,3
1,1,1,100,82,82,20,1,13
1,1,1,100,82,82,20,2,6
1,1,1,100,82,82,20,1,18
1,1,1,100,82,82,20,2,11
1,1,1,100,82,82,20,1,19
1,1,1,100,82,82,20,2,15
1,1,1,100,82,82,20,1,5
1,1,1,100,82,82,20,2,19
1,1,1,100,82,82,20,1,7
1,1,1,100,82,82,20,2,8
1,1,1,100,82,82,20,1,17
1,1,1,100,82,82,20,2,5
1,1,1,100,82,82,20,1,15
1,1,1,100,82,82,20,2,7
1,1,1,100,82,82,20,1,14
1,1,1,100,82,82,20,2,16
1,1,1,100,82,82,20,1,4
1,1,100,83,20,1,0,0,0
1,1,100,83,20,2,0,0,0
1,1,1,100,83,83,20,2,13
1,1,1,100,83,83,20,1,12
1,1,1,100,83,83,20,2,18
1,1,1,100,83,83,20,1,13
1,1,1,100,83,83,20,2,8
1,1,1,100,83,83,20,1,20
1,1,1,100,83,83,20,2,17
1,1,1,100,83,83,20,1,14
1,1,1,100,83,83,20,2,15
1,1,1,100,83,83,20,1,8
1,1,1,100,83,83,20,2,7
1,1,1,100,83,83,20,1,6
1,1,1,100,83,83,20,2,11
1,1,1,100,83,83,20,1,10
1,1,1,100,83,83,20,2,10
1,1,1,100,83,83,20,1,4
1,1,1,100,83,83,20,2,16
1,1,1,100,83,83,20,1,18
1,1,1,100,83,83,20,2,19
1,1,1,100,83,83,20,1,11
1,1,1,100,83,83,20,2,5
1,1,1,100,83,83,20,1,7
1,1,1,100,83,83,20,2,4
1,1,1,100,83,83,20,1,17
1,1,1,100,83,83,20,2,20
1,1,1,100,83,83,20,1,3
1,1,1,100,83,83,20,2,12
1,1,1,100,83,83,20,1,9
1,1,1,100,83,83,20,2,3
1,1,1,100,83,83,20,1,5
1,1,1,100,83,83,20,2,14
1,1,1,100,83,83,20,1,16
1,1,1,100,83,83,20,2,6
1,1,1,100,83,83,20,1,15
1,1,1,100,83,83,20,2,9
1,1,1,100,83,83,20,1,19
1,1,100,84,20,1,0,0,0
1,1,100,84,20,2,0,0,0
1,1,1,100,84,84,20,2,17
1,1,1,100,84,84,20,1,3
1,1,1,100,84,84,20,2,13
1,1,1,100,84,84,20,1,13
1,1,1,100,84,84,20,2,11
1,1,1,100,84,84,20,1,14
1,1,1,100,84,84,20,2,8
1,1,1,100,84,84,20,1,12
1,1,1,100,84,84,20,2,10
1,1,1,100,84,84,20,1,15
1,1,1,100,84,84,20,2,18
1,1,1,100,84,84,20,1,9
1,1,1,100,84,84,20,2,14
1,1,1,100,84,84,20,1,10
1,1,1,100,84,84,20,2,15
1,1,1,100,84,84,20,1,8
1,1,1,100,84,84,20,2,5
1,1,1,100,84,84,20,1,5
1,1,1,100,84,84,20,2,19
1,1,1,100,84,84,20,1,6
1,1,1,100,84,84,20,2,4
1,1,1,100,84,84,20,1,7
1,1,1,100,84,84,20,2,12
1,1,1,100,84,84,20,1,17
1,1,1,100,84,84,20,2,7
1,1,1,100,84,84,20,1,4
1,1,1,100,84,84,20,2,16
1,1,1,100,84,84,20,1,19
1,1,1,100,84,84,20,2,3
1,1,1,100,84,84,20,1,11
1,1,1,100,84,84,20,2,20
1,1,1,100,84,84,20,1,20
1,1,1,100,84,84,20,2,6
1,1,1,100,84,84,20,1,18
1,1,1,100,84,84,20,2,9
1,1,1,100,84,84,20,1,16
1,1,100,85,20,1,0,0,0
1,1,100,85,20,2,0,0,0
1,1,1,100,85,85,20,2,4
1,1,1,100,85,85,20,1,15
1,1,1,100,85,85,20,2,15
1,1,1,100,85,85,20,1,5
1,1,1,100,85,85,20,2,3
1,1,1,100,85,85,20,1,7
1,1,1,100,85,85,20,2,12
1,1,1,100,85,85,20,1,11
1,1,1,100,85,85,20,2,18
1,1,1,100,85,85,20,1,8
1,1,1,100,85,85,20,2,19
1,1,1,100,85,85,20,1,16
1,1,1,100,85,85,20,2,10
1,1,1,100,85,85,20,1,19
1,1,1,100,85,85,20,2,14
1,1,1,100,85,85,20,1,12
1,1,1,100,85,85,20,2,5
1,1,1,100,85,85,20,1,10
1,1,1,100,85,85,20,2,8
1,1,1,100,85,85,20,1,13
1,1,1,100,85,85,20,2,7
1,1,1,100,85,85,20,1,4
1,1,1,100,85,85,20,2,20
1,1,1,100,85,85,20,1,14
1,1,1,100,85,85,20,2,16
1,1,1,100,85,85,20,1,9
1,1,1,100,85,85,20,2,6
1,1,1,100,85,85,20,1,20
1,1,1,100,85,85,20,2,17
1,1,1,100,85,85,20,1,3
1,1,1,100,85,85,20,2,13
1,1,1,100,85,85,20,1,6
1,1,1,100,85,85,20,2,11
1,1,1,100,85,85,20,1,17
1,1,1,100,85,85,20,2,9
1,1,1,100,85,85,20,1,18
1,1,100,86,20,1,0,0,0
1,1,100,86,20,2,0,0,0
1,1,1,100,86,86,20,2,11
1,1,1,100,86,86,20,1,14
1,1,1,100,86,86,20,2,19
1,1,1,100,86,86,20,1,13
1,1,1,100,86,86,20,2,5
1,1,1,100,86,86,20,1,20
1,1,1,100,86,86,20,2,14
1,1,1,100,86,86,20,1,16
1,1,1,100,86,86,20,2,12
1,1,1,100,86,86,20,1,18
1,1,1,100,86,86,20,2,20
1,1,1,100,86,86,20,1,19
1,1,1,100,86,86,20,2,17
1,1,1,100,86,86,20,1,9
1,1,1,100,86,86,20,2,9
1,1,1,100,86,86,20,1,12
1,1,1,100,86,86,20,2,13
1,1,1,100,86,86,20,1,3
1,1,1,100,86,86,20,2,6
1,1,1,100,86,86,20,1,15
1,1,1,100,86,86,20,2,4
1,1,1,100,86,86,20,1,8
1,1,1,100,86,86,20,2,7
1,1,1,100,86,86,20,1,17
1,1,1,100,86,86,20,2,10
1,1,1,100,86,86,20,1,6
1,1,1,100,86,86,20,2,15
1,1,1,100,86,86,20,1,10
1,1,1,100,86,86,20,2,16
1,1,1,100,86,86,20,1,4
1,1,1,100,86,86,20,2,18
1,1,1,100,86,86,20,1,7
1,1,1,100,86,86,20,2,8
1,1,1,100,86,86,20,1,5
1,1,1,100,86,86,20,2,3
1,1,1,100,86,86,20,1,11
1,1,100,87,20,1,0,0,0
1,1,100,87,20,2,0,0,0
1,1,1,100,87,87,20,2,3
1,1,1,100,87,87,20,1,19
1,1,1,100,87,87,20,2,7
1,1,1,100,87,87,20,1,20
1,1,1,100,87,87,20,2,5
1,1,1,100,87,87,20,1,9
1,1,1,100,87,87,20,2,15
1,1,1,100,87,87,20,1,6
1,1,1,100,87,87,20,2,6
1,1,1,100,87,87,20,1,15
1,1,1,100,87,87,20,2,14
1,1,1,100,87,87,20,1,13
1,1,1,100,87,87,20,2,16
1,1,1,100,87,87,20,1,17
1,1,1,100,87,87,20,2,4
1,1,1,100,87,87,20,1,8
1,1,1,100,87,87,20,2,20
1,1,1,100,87,87,20,1,12
1,1,1,100,87,87,20,2,18
1,1,1,100,87,87,20,1,7
1,1,1,100,87,87,20,2,13
1,1,1,100,87,87,20,1,5
1,1,1,100,87,87,20,2,10
1,1,1,100,87,87,20,1,4
1,1,1,100,87,87,20,2,9
1,1,1,100,87,87,20,1,14
1,1,1,100,87,87,20,2,17
1,1,1,100,87,87,20,1,11
1,1,1,100,87,87,20,2,19
1,1,1,100,87,87,20,1,10
1,1,1,100,87,87,20,2,8
1,1,1,100,87,87,20,1,16
1,1,1,100,87,87,20,2,12
1,1,1,100,87,87,20,1,3
1,1,1,100,87,87,20,2,11
1,1,1,100,87,87,20,1,18
1,1,100,88,20,1,0,0,0
1,1,100,88,20,2,0,0,0
1,1,1,100,88,88,20,2,11
1,1,1,100,88,88,20,1,9
1,1,1,100,88,88,20,2,17
1,1,1,100,88,88,20,1,3
1,1,1,100,88,88,20,2,12
1,1,1,100,88,88,20,1,4
1,1,1,100,88,88,20,2,20
1,1,1,100,88,88,20,1,14
1,1,1,100,88,88,20,2,8
1,1,1,100,88,88,20,1,18
1,1,1,100,88,88,20,2,19
1,1,1,100,88,88,20,1,12
1,1,1,100,88,88,20,2,10
1,1,1,100,88,88,20,1,15
1,1,1,100,88,88,20,2,16
1,1,1,100,88,88,20,1,13
1,1,1,100,88,88,20,2,18
1,1,1,100,88,88,20,1,20
1,1,1,100,88,88,20,2,6
1,1,1,100,88,88,20,1,6
1,1,1,100,88,88,20,2,3
1,1,1,100,88,88,20,1,11
1,1,1,100,88,88,20,2,5
1,1,1,100,88,88,20,1,10
1,1,1,100,88,88,20,2,15
1,1,1,100,88,88,20,1,8
1,1,1,100,88,88,20,2,13
1,1,1,100,88,88,20,1,5
1,1,1,100,88,88,20,2,4
1,1,1,100,88,88,20,1,7
1,1,1,100,88,88,20,2,7
1,1,1,100,88,88,20,1,17
1,1,1,100,88,88,20,2,9
1,1,1,100,88,88,20,1,16
1,1,1,100,88,88,20,2,14
1,1,1,100,88,88,20,1,19
1,1,100,89,20,1,0,0,0
1,1,100,89,20,2,0,0,0
1,1,1,100,89,89,20,2,10
1,1,1,100,89,89,20,1,5
1,1,1,100,89,89,20,2,13
1,1,1,100,89,89,20,1,6
1,1,1,100,89,89,20,2,6
1,1,1,100,89,89,20,1,4
1,1,1,100,89,89,20,2,19
1,1,1,100,89,89,20,1,18
1,1,1,100,89,89,20,2,3
1,1,1,100,89,89,20,1,11
1,1,1,100,89,89,20,2,16
1,1,1,100,89,89,20,1,12
1,1,1,100,89,89,20,2,18
1,1,1,100,89,89,20,1,8
1,1,1,100,89,89,20,2,5
1,1,1,100,89,89,20,1,20
1,1,1,100,89,89,20,2,17
1,1,1,100,89,89,20,1,19
1,1,1,100,89,89,20,2,12
1,1,1,100,89,89,20,1,16
1,1,1,100,89,89,20,2,8
1,1,1,100,89,89,20,1,3
1,1,1,100,89,89,20,2,20
1,1,1,100,89,89,20,1,13
1,1,1,100,89,89,20,2,4
1,1,1,100,89,89,20,1,14
1,1,1,100,89,89,20,2,7
1,1,1,100,89,89,20,1,17
1,1,1,100,89,89,20,2,9
1,1,1,100,89,89,20,1,9
1,1,1,100,89,89,20,2,11
1,1,1,100,89,89,20,1,10
1,1,1,100,89,89,20,2,15
1,1,1,100,89,89,20,1,7
1,1,1,100,89,89,20,2,14
1,1,1,100,89,89,20,1,15
1,1,100,90,20,1,0,0,0
1,1,100,90,20,2,0,0,0
1,1,1,100,90,90,20,2,11
1,1,1,100,90,90,20,1,7
1,1,1,100,90,90,20,2,13
1,1,1,100,90,90,20,1,17
1,1,1,100,90,90,20,2,5
1,1,1,100,90,90,20,1,15
1,1,1,100,90,90,20,2,17
1,1,1,100,90,90,20,1,14
1,1,1,100,90,90,20,2,6
1,1,1,100,90,90,20,1,13
1,1,1,100,90,90,20,2,15
1,1,1,100,90,90,20,1,9
1,1,1,100,90,90,20,2,16
1,1,1,100,90,90,20,1,6
1,1,1,100,90,90,20,2,7
1,1,1,100,90,90,20,1,11
1,1,1,100,90,90,20,2,8
1,1,1,100,90,90,20,1,8
1,1,1,100,90,90,20,2,12
1,1,1,100,90,90,20,1,16
1,1,1,100,90,90,20,2,10
1,1,1,100,90,90,20,1,19
1,1,1,100,90,90,20,2,4
1,1,1,100,90,90,20,1,10
1,1,1,100,90,90,20,2,20
1,1,1,100,90,90,20,1,20
1,1,1,100,90,90,20,2,3
1,1,1,100,90,90,20,1,12
1,1,1,100,90,90,20,2,19
1,1,1,100,90,90,20,1,18
1,1,1,100,90,90,20,2,9
1,1,1,100,90,90,20,1,5
1,1,1,100,90,90,20,2,18
1,1,1,100,90,90,20,1,4
1,1,1,100,90,90,20,2,14
1,1,1,100,90,90,20,1,3
1,1,100,91,20,1,0,0,0
1,1,100,91,20,2,0,0,0
1,1,1,100,91,91,20,2,11
1,1,1,100,91,91,20,1,10
1,1,1,100,91,91,20,2,14
1,1,1,100,91,91,20,1,4
1,1,1,100,91,91,20,2,16
1,1,1,100,91,91,20,1,3
1,1,1,100,91,91,20,2,20
1,1,1,100,91,91,20,1,19
1,1,1,100,91,91,20,2,8
1,1,1,100,91,91,20,1,11
1,1,1,100,91,91,20,2,5
1,1,1,100,91,91,20,1,16
1,1,1,100,91,91,20,2,15
1,1,1,100,91,91,20,1,5
1,1,1,100,91,91,20,2,17
1,1,1,100,91,91,20,1,6
1,1,1,100,91,91,20,2,12
1,1,1,100,91,91,20,1,13
1,1,1,100,91,91,20,2,3
1,1,1,100,91,91,20,1,15
1,1,1,100,91,91,20,2,19
1,1,1,100,91,91,20,1,18
1,1,1,100,91,91,20,2,10
1,1,1,100,91,91,20,1,12
1,1,1,100,91,91,20,2,6
1,1,1,100,91,91,20,1,8
1,1,1,100,91,91,20,2,4
1,1,1,100,91,91,20,1,17
1,1,1,100,91,91,20,2,18
1,1,1,100,91,91,20,1,20
1,1,1,100,91,91,20,2,13
1,1,1,100,91,91,20,1,7
1,1,1,100,91,91,20,2,7
1,1,1,100,91,91,20,1,9
1,1,1,100,91,91,20,2,9
1,1,1,100,91,91,20,1,14
1,1,100,92,20,1,0,0,0
1,1,100,92,20,2,0,0,0
1,1,1,100,92,92,20,2,11
1,1,1,100,92,92,20,1,10
1,1,1,100,92,92,20,2,12
1,1,1,100,92,92,20,1,13
1,1,1,100,92,92,20,2,19
1,1,1,100,92,92,20,1,20
1,1,1,100,92,92,20,2,6
1,1,1,100,92,92,20,1,11
1,1,1,100,92,92,20,2,3
1,1,1,100,92,92,20,1,3
1,1,1,100,92,92,20,2,8
1,1,1,100,92,92,20,1,4
1,1,1,100,92,92,20,2,5
1,1,1,100,92,92,20,1,6
1,1,1,100,92,92,20,2,9
1,1,1,100,92,92,20,1,14
1,1,1,100,92,92,20,2,4
1,1,1,100,92,92,20,1,17
1,1,1,100,92,92,20,2,17
1,1,1,100,92,92,20,1,12
1,1,1,100,92,92,20,2,20
1,1,1,100,92,92,20,1,5
1,1,1,100,92,92,20,2,14
1,1,1,100,92,92,20,1,16
1,1,1,100,92,92,20,2,16
1,1,1,100,92,92,20,1,15
1,1,1,100,92,92,20,2,10
1,1,1,100,92,92,20,1,8
1,1,1,100,92,92,20,2,7
1,1,1,100,92,92,20,1,18
1,1,1,100,92,92,20,2,13
1,1,1,100,92,92,20,1,19
1,1,1,100,92,92,20,2,15
1,1,1,100,92,92,20,1,7
1,1,1,100,92,92,20,2,18
1,1,1,100,92,92,20,1,9
1,1,100,93,20,1,0,0,0
1,1,100,93,20,2,0,0,0
1,1,1,100,93,93,20,2,19
1,1,1,100,93,93,20,1,10
1,1,1,100,93,93,20,2,4
1,1,1,100,93,93,20,1,12
1,1,1,100,93,93,20,2,10
1,1,1,100,93,93,20,1,15
1,1,1,100,93,93,20,2,9
1,1,1,100,93,93,20,1,6
1,1,1,100,93,93,20,2,17
1,1,1,100,93,93,20,1,19
1,1,1,100,93,93,20,2,20
1,1,1,100,93,93,20,1,20
1,1,1,100,93,93,20,2,14
1,1,1,100,93,93,20,1,14
1,1,1,100,93,93,20,2,11
1,1,1,100,93,93,20,1,16
1,1,1,100,93,93,20,2,18
1,1,1,100,93,93,20,1,4
1,1,1,100,93,93,20,2,12
1,1,1,100,93,93,20,1,3
1,1,1,100,93,93,20,2,7
1,1,1,100,93,93,20,1,13
1,1,1,100,93,93,20,2,3
1,1,1,100,93,93,20,1,18
1,1,1,100,93,93,20,2,6
1,1,1,100,93,93,20,1,11
1,1,1,100,93,93,20,2,16
1,1,1,100,93,93,20,1,9
1,1,1,100,93,93,20,2,5
1,1,1,100,93,93,20,1,8
1,1,1,100,93,93,20,2,15
1,1,1,100,93,93,20,1,5
1,1,1,100,93,93,20,2,8
1,1,1,100,93,93,20,1,17
1,1,1,100,93,93,20,2,13
1,1,1,100,93,93,20,1,7
1,1,100,94,20,1,0,0,0
1,1,100,94,20,2,0,0,0
1,1,1,100,94,94,20,2,9
1,1,1,100,94,94,20,1,5
1,1,1,100,94,94,20,2,18
1,1,1,100,94,94,20,1,14
1,1,1,100,94,94,20,2,14
1,1,1,100,94,94,20,1,16
1,1,1,100,94,94,20,2,13
1,1,1,100,94,94,20,1,6
1,1,1,100,94,94,20,2,3
1,1,1,100,94,94,20,1,8
1,1,1,100,94,94,20,2,15
1,1,1,100,94,94,20,1,7
1,1,1,100,94,94,20,2,7
1,1,1,100,94,94,20,1,12
1,1,1,100,94,94,20,2,6
1,1,1,100,94,94,20,1,18
1,1,1,100,94,94,20,2,8
1,1,1,100,94,94,20,1,10
1,1,1,100,94,94,20,2,10
1,1,1,100,94,94,20,1,20
1,1,1,100,94,94,20,2,19
1,1,1,100,94,94,20,1,13
1,1,1,100,94,94,20,2,11
1,1,1,100,94,94,20,1,9
1,1,1,100,94,94,20,2,20
1,1,1,100,94,94,20,1,15
1,1,1,100,94,94,20,2,5
1,1,1,100,94,94,20,1,4
1,1,1,100,94,94,20,2,4
1,1,1,100,94,94,20,1,19
1,1,1,100,94,94,20,2,16
1,1,1,100,94,94,20,1,17
1,1,1,100,94,94,20,2,12
1,1,1,100,94,94,20,1,11
1,1,1,100,94,94,20,2,17
1,1,1,100,94,94,20,1,3
1,1,100,95,20,1,0,0,0
1,1,100,95,20,2,0,0,0
1,1,1,100,95,95,20,2,3
1,1,1,100,95,95,20,1,10
1,1,1,100,95,95,20,2,5
1,1,1,100,95,95,20,1,3
1,1,1,100,95,95,20,2,19
1,1,1,100,95,95,20,1,7
1,1,1,100,95,95,20,2,4
1,1,1,100,95,95,20,1,4
1,1,1,100,95,95,20,2,16
1,1,1,100,95,95,20,1,20
1,1,1,100,95,95,20,2,7
1,1,1,100,95,95,20,1,19
1,1,1,100,95,95,20,2,6
1,1,1,100,95,95,20,1,15
1,1,1,100,95,95,20,2,15
1,1,1,100,95,95,20,1,8
1,1,1,100,95,95,20,2,9
1,1,1,100,95,95,20,1,9
1,1,1,100,95,95,20,2,20
1,1,1,100,95,95,20,1,14
1,1,1,100,95,95,20,2,13
1,1,1,100,95,95,20,1,17
1,1,1,100,95,95,20,2,18
1,1,1,100,95,95,20,1,16
1,1,1,100,95,95,20,2,12
1,1,1,100,95,95,20,1,6
1,1,1,100,95,95,20,2,11
1,1,1,100,95,95,20,1,18
1,1,1,100,95,95,20,2,14
1,1,1,100,95,95,20,1,11
1,1,1,100,95,95,20,2,8
1,1,1,100,95,95,20,1,5
1,1,1,100,95,95,20,2,10
1,1,1,100,95,95,20,1,12
1,1,1,100,95,95,20,2,17
1,1,1,100,95,95,20,1,13
1,1,100,96,20,1,0,0,0
1,1,100,96,20,2,0,0,0
1,1,1,100,96,96,20,2,14
1,1,1,100,96,96,20,1,12
1,1,1,100,96,96,20,2,12
1,1,1,100,96,96,20,1,6
1,1,1,100,96,96,20,2,13
1,1,1,100,96,96,20,1,7
1,1,1,100,96,96,20,2,7
1,1,1,100,96,96,20,1,14
1,1,1,100,96,96,20,2,9
1,1,1,100,96,96,20,1,19
1,1,1,100,96,96,20,2,5
1,1,1,100,96,96,20,1,15
1,1,1,100,96,96,20,2,20
1,1,1,100,96,96,20,1,17
1,1,1,100,96,96,20,2,15
1,1,1,100,96,96,20,1,10
1,1,1,100,96,96,20,2,10
1,1,1,100,96,96,20,1,11
1,1,1,100,96,96,20,2,18
1,1,1,100,96,96,20,1,5
1,1,1,100,96,96,20,2,17
1,1,1,100,96,96,20,1,8
1,1,1,100,96,96,20,2,8
1,1,1,100,96,96,20,1,9
1,1,1,100,96,96,20,2,3
1,1,1,100,96,96,20,1,3
1,1,1,100,96,96,20,2,4
1,1,1,100,96,96,20,1,4
1,1,1,100,96,96,20,2,6
1,1,1,100,96,96,20,1,16
1,1,1,100,96,96,20,2,16
1,1,1,100,96,96,20,1,13
1,1,1,100,96,96,20,2,11
1,1,1,100,96,96,20,1,20
1,1,1,100,96,96,20,2,19
1,1,1,100,96,96,20,1,18
1,1,100,97,20,1,0,0,0
1,1,100,97,20,2,0,0,0
1,1,1,100,97,97,20,2,19
1,1,1,100,97,97,20,1,7
1,1,1,100,97,97,20,2,17
1,1,1,100,97,97,20,1,20
1,1,1,100,97,97,20,2,12
1,1,1,100,97,97,20,1,14
1,1,1,100,97,97,20,2,14
1,1,1,100,97,97,20,1,9
1,1,1,100,97,97,20,2,13
1,1,1,100,97,97,20,1,17
1,1,1,100,97,97,20,2,5
1,1,1,100,97,97,20,1,19
1,1,1,100,97,97,20,2,15
1,1,1,100,97,97,20,1,15
1,1,1,100,97,97,20,2,20
1,1,1,100,97,97,20,1,18
1,1,1,100,97,97,20,2,18
1,1,1,100,97,97,20,1,12
1,1,1,100,97,97,20,2,10
1,1,1,100,97,97,20,1,11
1,1,1,100,97,97,20,2,3
1,1,1,100,97,97,20,1,10
1,1,1,100,97,97,20,2,8
1,1,1,100,97,97,20,1,4
1,1,1,100,97,97,20,2,11
1,1,1,100,97,97,20,1,16
1,1,1,100,97,97,20,2,6
1,1,1,100,97,97,20,1,8
1,1,1,100,97,97,20,2,4
1,1,1,100,97,97,20,1,5
1,1,1,100,97,97,20,2,7
1,1,1,100,97,97,20,1,13
1,1,1,100,97,97,20,2,9
1,1,1,100,97,97,20,1,6
1,1,1,100,97,97,20,2,16
1,1,1,100,97,97,20,1,3
1,1,100,98,20,1,0,0,0
1,1,100,98,20,2,0,0,0
1,1,1,100,98,98,20,2,13
1,1,1,100,98,98,20,1,10
1,1,1,100,98,98,20,2,14
1,1,1,100,98,98,20,1,18
1,1,1,100,98,98,20,2,4
1,1,1,100,98,98,20,1,14
1,1,1,100,98,98,20,2,19
1,1,1,100,98,98,20,1,6
1,1,1,100,98,98,20,2,3
1,1,1,100,98,98,20,1,4
1,1,1,100,98,98,20,2,10
1,1,1,100,98,98,20,1,8
1,1,1,100,98,98,20,2,17
1,1,1,100,98,98,20,1,13
1,1,1,100,98,98,20,2,6
1,1,1,100,98,98,20,1,16
1,1,1,100,98,98,20,2,5
1,1,1,100,98,98,20,1,3
1,1,1,100,98,98,20,2,7
1,1,1,100,98,98,20,1,20
1,1,1,100,98,98,20,2,15
1,1,1,100,98,98,20,1,7
1,1,1,100,98,98,20,2,16
1,1,1,100,98,98,20,1,12
1,1,1,100,98,98,20,2,9
1,1,1,100,98,98,20,1,11
1,1,1,100,98,98,20,2,20
1,1,1,100,98,98,20,1,5
1,1,1,100,98,98,20,2,12
1,1,1,100,98,98,20,1,17
1,1,1,100,98,98,20,2,11
1,1,1,100,98,98,20,1,9
1,1,1,100,98,98,20,2,8
1,1,1,100,98,98,20,1,15
1,1,1,100,98,98,20,2,18
1,1,1,100,98,98,20,1,19
1,1,100,99,20,1,0,0,0
1,1,100,99,20,2,0,0,0
1,1,1,100,99,99,20,2,18
1,1,1,100,99,99,20,1,5
1,1,1,100,99,99,20,2,11
1,1,1,100,99,99,20,1,18
1,1,1,100,99,99,20,2,14
1,1,1,100,99,99,20,1,4
1,1,1,100,99,99,20,2,13
1,1,1,100,99,99,20,1,19
1,1,1,100,99,99,20,2,5
1,1,1,100,99,99,20,1,14
1,1,1,100,99,99,20,2,20
1,1,1,100,99,99,20,1,15
1,1,1,100,99,99,20,2,19
1,1,1,100,99,99,20,1,11
1,1,1,100,99,99,20,2,9
1,1,1,100,99,99,20,1,6
1,1,1,100,99,99,20,2,17
1,1,1,100,99,99,20,1,17
1,1,1,100,99,99,20,2,3
1,1,1,100,99,99,20,1,16
1,1,1,100,99,99,20,2,16
1,1,1,100,99,99,20,1,20
1,1,1,100,99,99,20,2,7
1,1,1,100,99,99,20,1,9
1,1,1,100,99,99,20,2,8
1,1,1,100,99,99,20,1,12
1,1,1,100,99,99,20,2,6
1,1,1,100,99,99,20,1,8
1,1,1,100,99,99,20,2,15
1,1,1,100,99,99,20,1,13
1,1,1,100,99,99,20,2,10
1,1,1,100,99,99,20,1,7
1,1,1,100,99,99,20,2,12
1,1,1,100,99,99,20,1,10
1,1,1,100,99,99,20,2,4
1,1,1,100,99,99,20,1,3
1,1,100,100,20,1,0,0,0
1,1,100,100,20,2,0,0,0
1,1,1,100,100,100,20,2,15
1,1,1,100,100,100,20,1,12
1,1,1,100,100,100,20,2,6
1,1,1,100,100,100,20,1,20
1,1,1,100,100,100,20,2,8
1,1,1,100,100,100,20,1,6
1,1,1,100,100,100,20,2,3
1,1,1,100,100,100,20,1,7
1,1,1,100,100,100,20,2,11
1,1,1,100,100,100,20,1,18
1,1,1,100,100,100,20,2,20
1,1,1,100,100,100,20,1,13
1,1,1,100,100,100,20,2,16
1,1,1,100,100,100,20,1,11
1,1,1,100,100,100,20,2,4
1,1,1,100,100,100,20,1,3
1,1,1,100,100,100,20,2,18
1,1,1,100,100,100,20,1,17
1,1,1,100,100,100,20,2,10
1,1,1,100,100,100,20,1,10
1,1,1,100,100,100,20,2,12
1,1,1,100,100,100,20,1,19
1,1,1,100,100,100,20,2,19
1,1,1,100,100,100,20,1,16
1,1,1,100,100,100,20,2,9
1,1,1,100,100,100,20,1,9
1,1,1,100,100,100,20,2,14
1,1,1,100,100,100,20,1,8
1,1,1,100,100,100,20,2,7
1,1,1,100,100,100,20,1,14
1,1,1,100,100,100,20,2,17
1,1,1,100,100,100,20,1,4
1,1,1,100,100,100,20,2,13
1,1,1,100,100,100,20,1,5
1,1,1,100,100,100,20,2,5
1,1,1,100,100,100,20,1,15
